"","X1","X2","X3","X4","X5","X6","X7","X8","X9","X10","X11","X12","X13","X14","X15","X16","X17","X18","X19","X20","X21","X22","X23","X24","X25","X26","X27","X28","X29","X30","X31","X32","X33","X34","X35","X36","X37","X38","X39","X40","X41","X42","X43","X44","X45","X46","X47","X48","X49","X50","X51","X52","X53","X54","X55","X56","X57","X58","X59","X60","X61","X62","X63","X64","X65","X66","X67","X68","X69","X70","X71","X72","X73","X74","X75","X76","X77","X78","X79","X80","X81","X82","X83","X84","X85","X86","X87","X88","X89","X90","X91","X92","X93","X94","X95","X96","X97","X98","X99","X100","X101","X102","X103","X104"
"1","non-susceptible","susceptible","susceptible","susceptible","susceptible","non-susceptible","susceptible","susceptible","non-susceptible","susceptible","susceptible","susceptible","non-susceptible","susceptible","non-susceptible","susceptible","non-susceptible","non-susceptible","non-susceptible","susceptible","non-susceptible","non-susceptible","non-susceptible","susceptible","non-susceptible","susceptible","susceptible","susceptible","non-susceptible","susceptible","non-susceptible","non-susceptible","non-susceptible","non-susceptible","susceptible","susceptible","non-susceptible","susceptible","non-susceptible","non-susceptible","susceptible","susceptible","non-susceptible","susceptible","susceptible","non-susceptible","susceptible","susceptible","non-susceptible","non-susceptible","non-susceptible","non-susceptible","susceptible","susceptible","susceptible","non-susceptible","susceptible","non-susceptible","non-susceptible","non-susceptible","non-susceptible","non-susceptible","susceptible","susceptible","non-susceptible","non-susceptible","non-susceptible","non-susceptible","non-susceptible","non-susceptible","non-susceptible","susceptible","susceptible","susceptible","susceptible","non-susceptible","non-susceptible","susceptible","non-susceptible","non-susceptible","susceptible","non-susceptible","non-susceptible","non-susceptible","non-susceptible","non-susceptible","non-susceptible","susceptible","susceptible","susceptible","susceptible","non-susceptible","susceptible","susceptible","susceptible","susceptible","susceptible","susceptible","susceptible","non-susceptible","susceptible","non-susceptible","susceptible","non-susceptible"
"2","susceptible","non-susceptible","non-susceptible","susceptible","susceptible","non-susceptible","susceptible","non-susceptible","non-susceptible","susceptible","susceptible","non-susceptible","susceptible","non-susceptible","non-susceptible","non-susceptible","susceptible","non-susceptible","non-susceptible","non-susceptible","susceptible","non-susceptible","susceptible","non-susceptible","non-susceptible","susceptible","non-susceptible","susceptible","susceptible","susceptible","susceptible","susceptible","susceptible","non-susceptible","susceptible","susceptible","non-susceptible","non-susceptible","susceptible","non-susceptible","non-susceptible","non-susceptible","susceptible","non-susceptible","non-susceptible","susceptible","non-susceptible","susceptible","non-susceptible","non-susceptible","susceptible","non-susceptible","non-susceptible","susceptible","susceptible","susceptible","non-susceptible","susceptible","non-susceptible","susceptible","susceptible","non-susceptible","susceptible","susceptible","susceptible","susceptible","non-susceptible","susceptible","non-susceptible","non-susceptible","non-susceptible","susceptible","susceptible","susceptible","susceptible","non-susceptible","susceptible","susceptible","susceptible","susceptible","susceptible","susceptible","susceptible","non-susceptible","non-susceptible","susceptible","susceptible","susceptible","susceptible","non-susceptible","susceptible","susceptible","non-susceptible","susceptible","susceptible","susceptible","susceptible","susceptible","susceptible","non-susceptible","non-susceptible","susceptible","susceptible","non-susceptible"
"3","susceptible","susceptible","non-susceptible","non-susceptible","susceptible","susceptible","susceptible","non-susceptible","non-susceptible","non-susceptible","non-susceptible","non-susceptible","susceptible","susceptible","susceptible","non-susceptible","susceptible","non-susceptible","non-susceptible","susceptible","susceptible","non-susceptible","susceptible","susceptible","non-susceptible","non-susceptible","non-susceptible","susceptible","susceptible","susceptible","non-susceptible","susceptible","susceptible","susceptible","non-susceptible","non-susceptible","non-susceptible","non-susceptible","non-susceptible","non-susceptible","susceptible","non-susceptible","susceptible","susceptible","non-susceptible","non-susceptible","non-susceptible","non-susceptible","susceptible","non-susceptible","non-susceptible","non-susceptible","susceptible","non-susceptible","non-susceptible","susceptible","susceptible","susceptible","non-susceptible","susceptible","non-susceptible","susceptible","non-susceptible","susceptible","non-susceptible","susceptible","susceptible","susceptible","susceptible","susceptible","non-susceptible","non-susceptible","non-susceptible","non-susceptible","non-susceptible","non-susceptible","susceptible","susceptible","non-susceptible","non-susceptible","susceptible","susceptible","susceptible","susceptible","susceptible","susceptible","non-susceptible","non-susceptible","susceptible","non-susceptible","susceptible","non-susceptible","non-susceptible","susceptible","susceptible","susceptible","non-susceptible","non-susceptible","susceptible","susceptible","susceptible","susceptible","susceptible","non-susceptible"
"4","susceptible","non-susceptible","susceptible","susceptible","susceptible","non-susceptible","susceptible","non-susceptible","non-susceptible","susceptible","susceptible","susceptible","susceptible","susceptible","non-susceptible","susceptible","susceptible","non-susceptible","susceptible","susceptible","non-susceptible","susceptible","non-susceptible","susceptible","susceptible","susceptible","susceptible","susceptible","susceptible","susceptible","non-susceptible","non-susceptible","susceptible","non-susceptible","non-susceptible","non-susceptible","susceptible","non-susceptible","susceptible","susceptible","non-susceptible","non-susceptible","susceptible","non-susceptible","susceptible","non-susceptible","non-susceptible","susceptible","susceptible","non-susceptible","susceptible","susceptible","non-susceptible","non-susceptible","non-susceptible","non-susceptible","non-susceptible","non-susceptible","non-susceptible","susceptible","susceptible","susceptible","non-susceptible","susceptible","non-susceptible","susceptible","non-susceptible","susceptible","non-susceptible","non-susceptible","susceptible","susceptible","susceptible","non-susceptible","susceptible","non-susceptible","non-susceptible","susceptible","susceptible","non-susceptible","susceptible","non-susceptible","susceptible","susceptible","susceptible","non-susceptible","susceptible","susceptible","susceptible","non-susceptible","susceptible","susceptible","susceptible","non-susceptible","non-susceptible","susceptible","susceptible","non-susceptible","non-susceptible","non-susceptible","susceptible","susceptible","non-susceptible","susceptible"
"5","susceptible","non-susceptible","non-susceptible","susceptible","non-susceptible","susceptible","non-susceptible","susceptible","susceptible","susceptible","non-susceptible","non-susceptible","susceptible","non-susceptible","susceptible","non-susceptible","susceptible","non-susceptible","susceptible","non-susceptible","susceptible","non-susceptible","non-susceptible","non-susceptible","susceptible","non-susceptible","susceptible","non-susceptible","susceptible","non-susceptible","non-susceptible","susceptible","susceptible","non-susceptible","non-susceptible","non-susceptible","non-susceptible","non-susceptible","non-susceptible","non-susceptible","non-susceptible","susceptible","susceptible","non-susceptible","non-susceptible","non-susceptible","non-susceptible","susceptible","susceptible","non-susceptible","non-susceptible","susceptible","susceptible","susceptible","susceptible","non-susceptible","susceptible","susceptible","susceptible","non-susceptible","susceptible","susceptible","non-susceptible","susceptible","susceptible","susceptible","non-susceptible","susceptible","susceptible","non-susceptible","non-susceptible","non-susceptible","non-susceptible","non-susceptible","non-susceptible","susceptible","susceptible","non-susceptible","non-susceptible","non-susceptible","non-susceptible","non-susceptible","non-susceptible","non-susceptible","non-susceptible","susceptible","susceptible","non-susceptible","susceptible","susceptible","susceptible","susceptible","susceptible","non-susceptible","non-susceptible","non-susceptible","susceptible","susceptible","non-susceptible","susceptible","susceptible","non-susceptible","susceptible","susceptible"
"6","non-susceptible","non-susceptible","non-susceptible","non-susceptible","susceptible","susceptible","susceptible","non-susceptible","non-susceptible","non-susceptible","susceptible","susceptible","non-susceptible","susceptible","non-susceptible","non-susceptible","non-susceptible","non-susceptible","susceptible","susceptible","non-susceptible","non-susceptible","non-susceptible","non-susceptible","non-susceptible","susceptible","non-susceptible","susceptible","susceptible","non-susceptible","susceptible","non-susceptible","non-susceptible","susceptible","susceptible","non-susceptible","non-susceptible","non-susceptible","non-susceptible","non-susceptible","non-susceptible","non-susceptible","non-susceptible","susceptible","non-susceptible","non-susceptible","non-susceptible","non-susceptible","non-susceptible","non-susceptible","non-susceptible","susceptible","non-susceptible","non-susceptible","susceptible","susceptible","non-susceptible","susceptible","non-susceptible","non-susceptible","non-susceptible","susceptible","susceptible","susceptible","susceptible","susceptible","susceptible","susceptible","non-susceptible","susceptible","susceptible","susceptible","non-susceptible","susceptible","non-susceptible","susceptible","non-susceptible","non-susceptible","susceptible","non-susceptible","non-susceptible","susceptible","susceptible","susceptible","non-susceptible","non-susceptible","susceptible","non-susceptible","non-susceptible","non-susceptible","susceptible","non-susceptible","non-susceptible","non-susceptible","non-susceptible","susceptible","non-susceptible","susceptible","non-susceptible","non-susceptible","non-susceptible","susceptible","susceptible","susceptible"
"7","non-susceptible","non-susceptible","susceptible","susceptible","susceptible","non-susceptible","non-susceptible","susceptible","non-susceptible","susceptible","susceptible","susceptible","susceptible","susceptible","non-susceptible","non-susceptible","non-susceptible","non-susceptible","susceptible","non-susceptible","non-susceptible","non-susceptible","susceptible","non-susceptible","non-susceptible","non-susceptible","susceptible","susceptible","susceptible","susceptible","non-susceptible","susceptible","susceptible","non-susceptible","non-susceptible","non-susceptible","non-susceptible","susceptible","susceptible","susceptible","non-susceptible","non-susceptible","susceptible","non-susceptible","non-susceptible","susceptible","non-susceptible","non-susceptible","susceptible","non-susceptible","susceptible","susceptible","susceptible","non-susceptible","non-susceptible","non-susceptible","non-susceptible","non-susceptible","non-susceptible","susceptible","non-susceptible","non-susceptible","susceptible","non-susceptible","susceptible","non-susceptible","non-susceptible","susceptible","susceptible","susceptible","non-susceptible","non-susceptible","non-susceptible","non-susceptible","non-susceptible","susceptible","non-susceptible","non-susceptible","susceptible","susceptible","non-susceptible","non-susceptible","susceptible","susceptible","non-susceptible","susceptible","non-susceptible","susceptible","non-susceptible","susceptible","non-susceptible","susceptible","non-susceptible","non-susceptible","susceptible","non-susceptible","non-susceptible","susceptible","non-susceptible","non-susceptible","susceptible","susceptible","non-susceptible","non-susceptible"
"8","susceptible","susceptible","non-susceptible","non-susceptible","susceptible","non-susceptible","non-susceptible","non-susceptible","susceptible","non-susceptible","susceptible","non-susceptible","susceptible","non-susceptible","susceptible","non-susceptible","non-susceptible","susceptible","non-susceptible","susceptible","non-susceptible","susceptible","non-susceptible","non-susceptible","susceptible","susceptible","susceptible","non-susceptible","non-susceptible","susceptible","non-susceptible","non-susceptible","non-susceptible","susceptible","non-susceptible","susceptible","susceptible","susceptible","non-susceptible","susceptible","non-susceptible","non-susceptible","non-susceptible","non-susceptible","non-susceptible","non-susceptible","susceptible","non-susceptible","susceptible","susceptible","non-susceptible","non-susceptible","susceptible","susceptible","susceptible","non-susceptible","susceptible","susceptible","non-susceptible","susceptible","susceptible","susceptible","non-susceptible","susceptible","non-susceptible","non-susceptible","non-susceptible","non-susceptible","susceptible","susceptible","non-susceptible","susceptible","susceptible","non-susceptible","susceptible","susceptible","susceptible","non-susceptible","non-susceptible","non-susceptible","susceptible","susceptible","susceptible","susceptible","susceptible","susceptible","susceptible","susceptible","non-susceptible","non-susceptible","non-susceptible","susceptible","susceptible","susceptible","non-susceptible","non-susceptible","non-susceptible","non-susceptible","non-susceptible","susceptible","non-susceptible","non-susceptible","non-susceptible","non-susceptible"
"9","susceptible","non-susceptible","non-susceptible","non-susceptible","non-susceptible","susceptible","non-susceptible","non-susceptible","non-susceptible","susceptible","susceptible","non-susceptible","non-susceptible","non-susceptible","susceptible","non-susceptible","susceptible","susceptible","non-susceptible","susceptible","non-susceptible","non-susceptible","non-susceptible","non-susceptible","non-susceptible","non-susceptible","non-susceptible","susceptible","non-susceptible","susceptible","non-susceptible","susceptible","non-susceptible","susceptible","non-susceptible","non-susceptible","susceptible","non-susceptible","susceptible","non-susceptible","susceptible","non-susceptible","non-susceptible","susceptible","non-susceptible","non-susceptible","susceptible","susceptible","susceptible","susceptible","susceptible","non-susceptible","non-susceptible","non-susceptible","susceptible","non-susceptible","non-susceptible","susceptible","susceptible","non-susceptible","non-susceptible","susceptible","susceptible","susceptible","non-susceptible","susceptible","susceptible","susceptible","susceptible","non-susceptible","susceptible","susceptible","non-susceptible","susceptible","susceptible","non-susceptible","non-susceptible","susceptible","susceptible","non-susceptible","susceptible","non-susceptible","susceptible","non-susceptible","susceptible","non-susceptible","susceptible","non-susceptible","susceptible","non-susceptible","susceptible","non-susceptible","susceptible","non-susceptible","susceptible","non-susceptible","susceptible","non-susceptible","susceptible","non-susceptible","non-susceptible","non-susceptible","susceptible","susceptible"
"10","non-susceptible","susceptible","susceptible","susceptible","susceptible","susceptible","susceptible","susceptible","non-susceptible","susceptible","non-susceptible","non-susceptible","non-susceptible","susceptible","susceptible","susceptible","non-susceptible","susceptible","susceptible","susceptible","non-susceptible","susceptible","susceptible","non-susceptible","susceptible","susceptible","susceptible","non-susceptible","non-susceptible","susceptible","non-susceptible","susceptible","susceptible","susceptible","non-susceptible","non-susceptible","non-susceptible","non-susceptible","susceptible","non-susceptible","susceptible","non-susceptible","susceptible","susceptible","non-susceptible","non-susceptible","non-susceptible","susceptible","susceptible","susceptible","susceptible","non-susceptible","susceptible","susceptible","non-susceptible","non-susceptible","non-susceptible","non-susceptible","susceptible","non-susceptible","non-susceptible","susceptible","susceptible","non-susceptible","non-susceptible","non-susceptible","susceptible","non-susceptible","susceptible","susceptible","non-susceptible","susceptible","susceptible","susceptible","susceptible","susceptible","non-susceptible","susceptible","susceptible","non-susceptible","non-susceptible","non-susceptible","non-susceptible","susceptible","non-susceptible","susceptible","susceptible","susceptible","non-susceptible","susceptible","non-susceptible","susceptible","susceptible","non-susceptible","non-susceptible","susceptible","susceptible","non-susceptible","non-susceptible","non-susceptible","non-susceptible","susceptible","susceptible","non-susceptible"
"11","susceptible","non-susceptible","susceptible","susceptible","susceptible","non-susceptible","susceptible","non-susceptible","susceptible","susceptible","susceptible","susceptible","non-susceptible","susceptible","susceptible","non-susceptible","susceptible","susceptible","non-susceptible","susceptible","non-susceptible","non-susceptible","susceptible","susceptible","non-susceptible","susceptible","susceptible","susceptible","susceptible","susceptible","susceptible","non-susceptible","susceptible","non-susceptible","susceptible","non-susceptible","non-susceptible","susceptible","non-susceptible","non-susceptible","susceptible","non-susceptible","susceptible","susceptible","susceptible","non-susceptible","non-susceptible","susceptible","susceptible","susceptible","susceptible","susceptible","susceptible","non-susceptible","non-susceptible","non-susceptible","non-susceptible","susceptible","susceptible","susceptible","susceptible","susceptible","susceptible","non-susceptible","non-susceptible","non-susceptible","non-susceptible","non-susceptible","susceptible","non-susceptible","non-susceptible","susceptible","susceptible","susceptible","non-susceptible","susceptible","non-susceptible","non-susceptible","susceptible","non-susceptible","non-susceptible","non-susceptible","susceptible","susceptible","non-susceptible","non-susceptible","susceptible","susceptible","susceptible","non-susceptible","susceptible","non-susceptible","non-susceptible","susceptible","non-susceptible","non-susceptible","susceptible","susceptible","non-susceptible","non-susceptible","non-susceptible","non-susceptible","non-susceptible","susceptible"
"12","susceptible","non-susceptible","susceptible","susceptible","susceptible","susceptible","non-susceptible","non-susceptible","susceptible","non-susceptible","non-susceptible","susceptible","non-susceptible","non-susceptible","non-susceptible","non-susceptible","non-susceptible","susceptible","susceptible","susceptible","susceptible","non-susceptible","susceptible","susceptible","susceptible","non-susceptible","non-susceptible","non-susceptible","non-susceptible","non-susceptible","non-susceptible","susceptible","non-susceptible","non-susceptible","susceptible","non-susceptible","non-susceptible","susceptible","non-susceptible","susceptible","susceptible","non-susceptible","susceptible","non-susceptible","non-susceptible","susceptible","non-susceptible","susceptible","non-susceptible","susceptible","susceptible","susceptible","susceptible","susceptible","susceptible","susceptible","non-susceptible","non-susceptible","susceptible","susceptible","susceptible","susceptible","non-susceptible","non-susceptible","susceptible","non-susceptible","susceptible","susceptible","susceptible","non-susceptible","non-susceptible","non-susceptible","non-susceptible","non-susceptible","susceptible","non-susceptible","non-susceptible","susceptible","non-susceptible","non-susceptible","non-susceptible","susceptible","non-susceptible","susceptible","non-susceptible","susceptible","susceptible","non-susceptible","susceptible","susceptible","susceptible","susceptible","non-susceptible","non-susceptible","susceptible","susceptible","non-susceptible","non-susceptible","non-susceptible","susceptible","susceptible","susceptible","susceptible","susceptible"
"13","susceptible","susceptible","susceptible","non-susceptible","non-susceptible","non-susceptible","susceptible","susceptible","susceptible","non-susceptible","non-susceptible","susceptible","susceptible","non-susceptible","susceptible","non-susceptible","non-susceptible","susceptible","susceptible","susceptible","susceptible","susceptible","susceptible","susceptible","susceptible","susceptible","susceptible","susceptible","susceptible","susceptible","non-susceptible","non-susceptible","susceptible","susceptible","susceptible","susceptible","non-susceptible","susceptible","non-susceptible","susceptible","non-susceptible","susceptible","susceptible","non-susceptible","susceptible","non-susceptible","non-susceptible","susceptible","non-susceptible","non-susceptible","non-susceptible","non-susceptible","susceptible","non-susceptible","susceptible","susceptible","non-susceptible","non-susceptible","non-susceptible","non-susceptible","non-susceptible","susceptible","non-susceptible","susceptible","susceptible","non-susceptible","non-susceptible","susceptible","susceptible","susceptible","non-susceptible","susceptible","non-susceptible","non-susceptible","susceptible","susceptible","susceptible","non-susceptible","non-susceptible","non-susceptible","non-susceptible","susceptible","susceptible","non-susceptible","non-susceptible","susceptible","non-susceptible","susceptible","non-susceptible","non-susceptible","non-susceptible","non-susceptible","non-susceptible","susceptible","non-susceptible","non-susceptible","non-susceptible","susceptible","non-susceptible","non-susceptible","susceptible","non-susceptible","susceptible","non-susceptible"
"14","susceptible","non-susceptible","non-susceptible","non-susceptible","susceptible","non-susceptible","non-susceptible","non-susceptible","susceptible","non-susceptible","non-susceptible","susceptible","susceptible","susceptible","non-susceptible","susceptible","non-susceptible","susceptible","susceptible","susceptible","non-susceptible","non-susceptible","susceptible","non-susceptible","non-susceptible","susceptible","non-susceptible","susceptible","non-susceptible","susceptible","non-susceptible","non-susceptible","non-susceptible","susceptible","susceptible","non-susceptible","non-susceptible","non-susceptible","non-susceptible","non-susceptible","susceptible","non-susceptible","non-susceptible","non-susceptible","non-susceptible","susceptible","susceptible","susceptible","susceptible","non-susceptible","non-susceptible","non-susceptible","susceptible","susceptible","susceptible","non-susceptible","non-susceptible","non-susceptible","non-susceptible","susceptible","susceptible","susceptible","susceptible","non-susceptible","susceptible","susceptible","susceptible","non-susceptible","non-susceptible","non-susceptible","non-susceptible","non-susceptible","non-susceptible","susceptible","susceptible","non-susceptible","susceptible","susceptible","susceptible","susceptible","susceptible","non-susceptible","non-susceptible","susceptible","non-susceptible","susceptible","susceptible","susceptible","non-susceptible","non-susceptible","susceptible","non-susceptible","susceptible","susceptible","non-susceptible","susceptible","non-susceptible","susceptible","susceptible","susceptible","susceptible","susceptible","non-susceptible","susceptible"
"15","susceptible","susceptible","susceptible","susceptible","susceptible","non-susceptible","non-susceptible","non-susceptible","susceptible","susceptible","susceptible","susceptible","non-susceptible","non-susceptible","susceptible","susceptible","non-susceptible","non-susceptible","susceptible","susceptible","non-susceptible","susceptible","susceptible","susceptible","non-susceptible","non-susceptible","non-susceptible","susceptible","non-susceptible","non-susceptible","non-susceptible","non-susceptible","non-susceptible","susceptible","non-susceptible","susceptible","non-susceptible","susceptible","non-susceptible","susceptible","susceptible","susceptible","susceptible","susceptible","non-susceptible","susceptible","non-susceptible","susceptible","non-susceptible","susceptible","susceptible","non-susceptible","non-susceptible","non-susceptible","susceptible","susceptible","susceptible","non-susceptible","non-susceptible","susceptible","non-susceptible","non-susceptible","susceptible","susceptible","susceptible","susceptible","non-susceptible","non-susceptible","susceptible","susceptible","susceptible","non-susceptible","susceptible","susceptible","non-susceptible","non-susceptible","susceptible","susceptible","susceptible","susceptible","non-susceptible","non-susceptible","susceptible","susceptible","non-susceptible","non-susceptible","non-susceptible","non-susceptible","susceptible","susceptible","non-susceptible","susceptible","susceptible","non-susceptible","non-susceptible","susceptible","susceptible","non-susceptible","non-susceptible","susceptible","susceptible","susceptible","susceptible","non-susceptible"
"16","non-susceptible","non-susceptible","non-susceptible","susceptible","non-susceptible","non-susceptible","non-susceptible","susceptible","susceptible","non-susceptible","non-susceptible","non-susceptible","non-susceptible","susceptible","non-susceptible","non-susceptible","non-susceptible","susceptible","non-susceptible","susceptible","susceptible","susceptible","susceptible","non-susceptible","non-susceptible","non-susceptible","non-susceptible","non-susceptible","susceptible","non-susceptible","susceptible","non-susceptible","non-susceptible","susceptible","susceptible","non-susceptible","susceptible","susceptible","susceptible","susceptible","susceptible","non-susceptible","susceptible","susceptible","susceptible","non-susceptible","non-susceptible","susceptible","susceptible","susceptible","susceptible","susceptible","susceptible","non-susceptible","non-susceptible","non-susceptible","susceptible","non-susceptible","susceptible","susceptible","susceptible","non-susceptible","susceptible","non-susceptible","susceptible","non-susceptible","non-susceptible","susceptible","non-susceptible","non-susceptible","susceptible","susceptible","susceptible","non-susceptible","susceptible","non-susceptible","non-susceptible","susceptible","susceptible","susceptible","susceptible","non-susceptible","susceptible","non-susceptible","susceptible","non-susceptible","susceptible","non-susceptible","non-susceptible","non-susceptible","susceptible","susceptible","susceptible","susceptible","non-susceptible","susceptible","susceptible","non-susceptible","susceptible","non-susceptible","non-susceptible","non-susceptible","susceptible","susceptible"
"17","non-susceptible","non-susceptible","non-susceptible","non-susceptible","non-susceptible","non-susceptible","non-susceptible","non-susceptible","non-susceptible","susceptible","susceptible","non-susceptible","non-susceptible","susceptible","non-susceptible","non-susceptible","susceptible","non-susceptible","susceptible","non-susceptible","susceptible","susceptible","susceptible","susceptible","non-susceptible","non-susceptible","susceptible","non-susceptible","non-susceptible","susceptible","non-susceptible","non-susceptible","susceptible","susceptible","susceptible","susceptible","non-susceptible","susceptible","susceptible","susceptible","non-susceptible","susceptible","non-susceptible","susceptible","non-susceptible","susceptible","non-susceptible","susceptible","susceptible","non-susceptible","susceptible","susceptible","susceptible","susceptible","susceptible","non-susceptible","non-susceptible","non-susceptible","susceptible","susceptible","non-susceptible","susceptible","susceptible","susceptible","susceptible","susceptible","non-susceptible","susceptible","susceptible","susceptible","susceptible","susceptible","non-susceptible","susceptible","susceptible","non-susceptible","non-susceptible","susceptible","non-susceptible","susceptible","susceptible","susceptible","non-susceptible","susceptible","non-susceptible","non-susceptible","susceptible","susceptible","susceptible","non-susceptible","non-susceptible","non-susceptible","susceptible","susceptible","non-susceptible","non-susceptible","non-susceptible","susceptible","non-susceptible","susceptible","susceptible","non-susceptible","non-susceptible","non-susceptible"
"18","non-susceptible","susceptible","susceptible","susceptible","susceptible","susceptible","susceptible","susceptible","non-susceptible","non-susceptible","non-susceptible","non-susceptible","susceptible","non-susceptible","susceptible","non-susceptible","susceptible","susceptible","susceptible","susceptible","susceptible","susceptible","non-susceptible","non-susceptible","susceptible","susceptible","susceptible","susceptible","susceptible","non-susceptible","susceptible","non-susceptible","non-susceptible","susceptible","non-susceptible","non-susceptible","susceptible","non-susceptible","susceptible","non-susceptible","non-susceptible","susceptible","susceptible","non-susceptible","susceptible","non-susceptible","susceptible","susceptible","non-susceptible","susceptible","non-susceptible","non-susceptible","non-susceptible","susceptible","susceptible","susceptible","susceptible","susceptible","non-susceptible","non-susceptible","susceptible","susceptible","susceptible","non-susceptible","susceptible","susceptible","non-susceptible","susceptible","susceptible","susceptible","non-susceptible","susceptible","susceptible","susceptible","susceptible","susceptible","susceptible","non-susceptible","susceptible","susceptible","susceptible","susceptible","susceptible","susceptible","susceptible","susceptible","non-susceptible","susceptible","susceptible","susceptible","non-susceptible","susceptible","non-susceptible","susceptible","susceptible","susceptible","non-susceptible","susceptible","non-susceptible","non-susceptible","susceptible","non-susceptible","non-susceptible","non-susceptible"
"19","non-susceptible","susceptible","susceptible","non-susceptible","susceptible","susceptible","non-susceptible","susceptible","susceptible","non-susceptible","susceptible","non-susceptible","susceptible","susceptible","susceptible","non-susceptible","susceptible","non-susceptible","susceptible","non-susceptible","non-susceptible","non-susceptible","susceptible","susceptible","non-susceptible","susceptible","susceptible","susceptible","non-susceptible","susceptible","susceptible","non-susceptible","non-susceptible","non-susceptible","susceptible","non-susceptible","susceptible","susceptible","non-susceptible","non-susceptible","non-susceptible","susceptible","non-susceptible","susceptible","non-susceptible","susceptible","susceptible","susceptible","susceptible","susceptible","non-susceptible","non-susceptible","non-susceptible","susceptible","non-susceptible","non-susceptible","susceptible","non-susceptible","susceptible","non-susceptible","susceptible","susceptible","susceptible","susceptible","non-susceptible","non-susceptible","non-susceptible","susceptible","susceptible","non-susceptible","susceptible","non-susceptible","non-susceptible","susceptible","susceptible","susceptible","susceptible","susceptible","susceptible","non-susceptible","non-susceptible","susceptible","susceptible","susceptible","susceptible","susceptible","non-susceptible","non-susceptible","non-susceptible","susceptible","non-susceptible","non-susceptible","non-susceptible","susceptible","non-susceptible","susceptible","non-susceptible","susceptible","non-susceptible","susceptible","non-susceptible","non-susceptible","non-susceptible","susceptible"
"20","non-susceptible","susceptible","susceptible","non-susceptible","non-susceptible","susceptible","susceptible","non-susceptible","non-susceptible","susceptible","susceptible","non-susceptible","susceptible","non-susceptible","susceptible","susceptible","non-susceptible","susceptible","susceptible","non-susceptible","non-susceptible","susceptible","susceptible","susceptible","non-susceptible","susceptible","non-susceptible","susceptible","susceptible","non-susceptible","non-susceptible","non-susceptible","non-susceptible","susceptible","non-susceptible","non-susceptible","susceptible","susceptible","non-susceptible","non-susceptible","susceptible","susceptible","susceptible","susceptible","non-susceptible","non-susceptible","susceptible","non-susceptible","susceptible","non-susceptible","non-susceptible","non-susceptible","non-susceptible","susceptible","susceptible","susceptible","non-susceptible","non-susceptible","non-susceptible","susceptible","susceptible","non-susceptible","non-susceptible","susceptible","non-susceptible","non-susceptible","non-susceptible","susceptible","non-susceptible","non-susceptible","non-susceptible","non-susceptible","non-susceptible","non-susceptible","non-susceptible","non-susceptible","non-susceptible","susceptible","non-susceptible","non-susceptible","non-susceptible","susceptible","non-susceptible","non-susceptible","non-susceptible","non-susceptible","susceptible","susceptible","non-susceptible","susceptible","non-susceptible","non-susceptible","susceptible","non-susceptible","non-susceptible","susceptible","susceptible","susceptible","susceptible","susceptible","susceptible","susceptible","susceptible","susceptible"
"21","susceptible","non-susceptible","susceptible","susceptible","non-susceptible","non-susceptible","susceptible","susceptible","susceptible","non-susceptible","non-susceptible","susceptible","non-susceptible","susceptible","susceptible","non-susceptible","susceptible","susceptible","susceptible","non-susceptible","susceptible","susceptible","non-susceptible","non-susceptible","non-susceptible","non-susceptible","non-susceptible","non-susceptible","susceptible","non-susceptible","non-susceptible","non-susceptible","susceptible","susceptible","non-susceptible","susceptible","non-susceptible","non-susceptible","non-susceptible","susceptible","susceptible","non-susceptible","non-susceptible","non-susceptible","non-susceptible","susceptible","susceptible","susceptible","susceptible","susceptible","susceptible","non-susceptible","susceptible","susceptible","susceptible","non-susceptible","susceptible","susceptible","non-susceptible","susceptible","non-susceptible","susceptible","non-susceptible","susceptible","susceptible","susceptible","non-susceptible","susceptible","susceptible","non-susceptible","non-susceptible","susceptible","susceptible","non-susceptible","susceptible","non-susceptible","non-susceptible","non-susceptible","susceptible","susceptible","non-susceptible","susceptible","susceptible","non-susceptible","non-susceptible","susceptible","susceptible","non-susceptible","susceptible","non-susceptible","non-susceptible","non-susceptible","non-susceptible","susceptible","susceptible","susceptible","non-susceptible","susceptible","susceptible","non-susceptible","susceptible","non-susceptible","susceptible","non-susceptible"
"22","non-susceptible","susceptible","susceptible","non-susceptible","non-susceptible","non-susceptible","susceptible","non-susceptible","non-susceptible","susceptible","non-susceptible","susceptible","susceptible","susceptible","susceptible","non-susceptible","non-susceptible","susceptible","susceptible","non-susceptible","non-susceptible","non-susceptible","susceptible","susceptible","non-susceptible","non-susceptible","non-susceptible","non-susceptible","non-susceptible","susceptible","susceptible","susceptible","non-susceptible","susceptible","susceptible","susceptible","susceptible","non-susceptible","susceptible","susceptible","susceptible","non-susceptible","non-susceptible","susceptible","susceptible","susceptible","non-susceptible","non-susceptible","susceptible","susceptible","non-susceptible","susceptible","non-susceptible","non-susceptible","non-susceptible","non-susceptible","non-susceptible","non-susceptible","susceptible","susceptible","non-susceptible","susceptible","susceptible","non-susceptible","non-susceptible","non-susceptible","susceptible","susceptible","susceptible","non-susceptible","susceptible","non-susceptible","non-susceptible","non-susceptible","susceptible","non-susceptible","non-susceptible","susceptible","non-susceptible","susceptible","susceptible","susceptible","susceptible","susceptible","non-susceptible","susceptible","non-susceptible","susceptible","non-susceptible","non-susceptible","susceptible","susceptible","susceptible","susceptible","non-susceptible","susceptible","susceptible","non-susceptible","susceptible","non-susceptible","non-susceptible","susceptible","non-susceptible","susceptible"
"23","susceptible","susceptible","susceptible","non-susceptible","susceptible","non-susceptible","non-susceptible","susceptible","susceptible","non-susceptible","susceptible","susceptible","non-susceptible","susceptible","susceptible","susceptible","non-susceptible","non-susceptible","non-susceptible","non-susceptible","susceptible","non-susceptible","non-susceptible","non-susceptible","susceptible","non-susceptible","susceptible","susceptible","susceptible","non-susceptible","non-susceptible","susceptible","susceptible","non-susceptible","susceptible","susceptible","non-susceptible","susceptible","susceptible","susceptible","susceptible","non-susceptible","susceptible","susceptible","susceptible","susceptible","non-susceptible","non-susceptible","non-susceptible","non-susceptible","susceptible","non-susceptible","non-susceptible","non-susceptible","susceptible","non-susceptible","susceptible","susceptible","susceptible","susceptible","susceptible","susceptible","non-susceptible","susceptible","non-susceptible","non-susceptible","susceptible","non-susceptible","non-susceptible","non-susceptible","non-susceptible","susceptible","susceptible","susceptible","non-susceptible","susceptible","non-susceptible","non-susceptible","susceptible","non-susceptible","non-susceptible","susceptible","non-susceptible","non-susceptible","non-susceptible","susceptible","susceptible","non-susceptible","susceptible","susceptible","susceptible","non-susceptible","susceptible","non-susceptible","susceptible","susceptible","susceptible","susceptible","non-susceptible","non-susceptible","non-susceptible","susceptible","non-susceptible","susceptible"
"24","susceptible","non-susceptible","susceptible","non-susceptible","susceptible","susceptible","susceptible","non-susceptible","non-susceptible","susceptible","susceptible","non-susceptible","non-susceptible","susceptible","non-susceptible","susceptible","susceptible","non-susceptible","susceptible","non-susceptible","non-susceptible","susceptible","non-susceptible","susceptible","susceptible","non-susceptible","non-susceptible","non-susceptible","susceptible","non-susceptible","susceptible","susceptible","susceptible","non-susceptible","susceptible","susceptible","susceptible","susceptible","susceptible","non-susceptible","susceptible","non-susceptible","susceptible","susceptible","susceptible","non-susceptible","susceptible","susceptible","susceptible","non-susceptible","non-susceptible","non-susceptible","non-susceptible","non-susceptible","susceptible","susceptible","susceptible","susceptible","susceptible","non-susceptible","susceptible","susceptible","susceptible","non-susceptible","non-susceptible","non-susceptible","susceptible","non-susceptible","susceptible","susceptible","non-susceptible","susceptible","susceptible","non-susceptible","susceptible","non-susceptible","susceptible","non-susceptible","susceptible","susceptible","susceptible","susceptible","susceptible","non-susceptible","non-susceptible","susceptible","non-susceptible","non-susceptible","non-susceptible","non-susceptible","susceptible","non-susceptible","susceptible","non-susceptible","susceptible","susceptible","non-susceptible","non-susceptible","susceptible","non-susceptible","susceptible","susceptible","susceptible","non-susceptible"
"25","susceptible","susceptible","non-susceptible","susceptible","non-susceptible","non-susceptible","susceptible","non-susceptible","non-susceptible","non-susceptible","susceptible","susceptible","non-susceptible","non-susceptible","susceptible","susceptible","non-susceptible","susceptible","non-susceptible","non-susceptible","susceptible","susceptible","non-susceptible","non-susceptible","non-susceptible","non-susceptible","susceptible","non-susceptible","susceptible","non-susceptible","non-susceptible","non-susceptible","non-susceptible","non-susceptible","non-susceptible","non-susceptible","susceptible","non-susceptible","non-susceptible","susceptible","susceptible","susceptible","non-susceptible","susceptible","susceptible","non-susceptible","non-susceptible","non-susceptible","susceptible","non-susceptible","non-susceptible","susceptible","non-susceptible","susceptible","non-susceptible","susceptible","susceptible","susceptible","susceptible","non-susceptible","susceptible","susceptible","non-susceptible","non-susceptible","susceptible","susceptible","susceptible","non-susceptible","susceptible","susceptible","susceptible","non-susceptible","non-susceptible","susceptible","non-susceptible","non-susceptible","susceptible","non-susceptible","non-susceptible","non-susceptible","susceptible","susceptible","susceptible","susceptible","non-susceptible","susceptible","susceptible","susceptible","non-susceptible","non-susceptible","susceptible","non-susceptible","non-susceptible","non-susceptible","susceptible","susceptible","susceptible","non-susceptible","non-susceptible","non-susceptible","non-susceptible","susceptible","non-susceptible","non-susceptible"
"26","susceptible","non-susceptible","non-susceptible","non-susceptible","non-susceptible","susceptible","susceptible","non-susceptible","non-susceptible","non-susceptible","susceptible","susceptible","non-susceptible","non-susceptible","susceptible","susceptible","susceptible","non-susceptible","non-susceptible","non-susceptible","susceptible","non-susceptible","susceptible","susceptible","non-susceptible","non-susceptible","susceptible","susceptible","non-susceptible","non-susceptible","susceptible","non-susceptible","non-susceptible","susceptible","susceptible","susceptible","non-susceptible","non-susceptible","susceptible","non-susceptible","non-susceptible","non-susceptible","non-susceptible","susceptible","susceptible","non-susceptible","susceptible","non-susceptible","non-susceptible","non-susceptible","non-susceptible","susceptible","non-susceptible","susceptible","non-susceptible","susceptible","non-susceptible","susceptible","non-susceptible","non-susceptible","non-susceptible","susceptible","susceptible","susceptible","non-susceptible","susceptible","susceptible","susceptible","non-susceptible","non-susceptible","susceptible","non-susceptible","non-susceptible","non-susceptible","non-susceptible","susceptible","non-susceptible","susceptible","non-susceptible","non-susceptible","non-susceptible","susceptible","non-susceptible","non-susceptible","non-susceptible","non-susceptible","non-susceptible","susceptible","non-susceptible","susceptible","non-susceptible","non-susceptible","susceptible","susceptible","non-susceptible","susceptible","susceptible","susceptible","susceptible","non-susceptible","non-susceptible","susceptible","non-susceptible","susceptible"
"27","susceptible","non-susceptible","non-susceptible","susceptible","non-susceptible","susceptible","non-susceptible","susceptible","non-susceptible","susceptible","susceptible","susceptible","non-susceptible","non-susceptible","susceptible","susceptible","susceptible","susceptible","susceptible","susceptible","non-susceptible","susceptible","susceptible","non-susceptible","non-susceptible","susceptible","susceptible","susceptible","susceptible","non-susceptible","non-susceptible","non-susceptible","susceptible","susceptible","non-susceptible","non-susceptible","susceptible","non-susceptible","non-susceptible","susceptible","susceptible","non-susceptible","susceptible","susceptible","susceptible","susceptible","susceptible","susceptible","susceptible","non-susceptible","non-susceptible","non-susceptible","non-susceptible","non-susceptible","susceptible","susceptible","susceptible","susceptible","non-susceptible","susceptible","susceptible","susceptible","non-susceptible","susceptible","non-susceptible","susceptible","non-susceptible","susceptible","susceptible","susceptible","non-susceptible","susceptible","non-susceptible","susceptible","non-susceptible","non-susceptible","susceptible","susceptible","non-susceptible","non-susceptible","non-susceptible","non-susceptible","non-susceptible","susceptible","susceptible","susceptible","susceptible","susceptible","susceptible","non-susceptible","non-susceptible","susceptible","non-susceptible","non-susceptible","non-susceptible","non-susceptible","non-susceptible","non-susceptible","non-susceptible","non-susceptible","non-susceptible","susceptible","non-susceptible","susceptible"
"28","susceptible","susceptible","non-susceptible","susceptible","susceptible","non-susceptible","susceptible","non-susceptible","non-susceptible","non-susceptible","susceptible","susceptible","non-susceptible","non-susceptible","non-susceptible","susceptible","susceptible","non-susceptible","non-susceptible","susceptible","susceptible","susceptible","non-susceptible","susceptible","susceptible","susceptible","susceptible","susceptible","non-susceptible","susceptible","non-susceptible","susceptible","susceptible","susceptible","susceptible","non-susceptible","non-susceptible","susceptible","susceptible","susceptible","non-susceptible","susceptible","susceptible","susceptible","susceptible","non-susceptible","non-susceptible","non-susceptible","susceptible","susceptible","non-susceptible","susceptible","non-susceptible","non-susceptible","non-susceptible","susceptible","susceptible","non-susceptible","susceptible","susceptible","non-susceptible","susceptible","non-susceptible","susceptible","non-susceptible","non-susceptible","susceptible","susceptible","non-susceptible","non-susceptible","susceptible","susceptible","non-susceptible","non-susceptible","non-susceptible","non-susceptible","susceptible","susceptible","non-susceptible","non-susceptible","susceptible","susceptible","non-susceptible","non-susceptible","susceptible","non-susceptible","susceptible","non-susceptible","non-susceptible","non-susceptible","susceptible","non-susceptible","susceptible","susceptible","non-susceptible","susceptible","non-susceptible","non-susceptible","susceptible","non-susceptible","susceptible","susceptible","susceptible","susceptible"
"29","susceptible","non-susceptible","susceptible","non-susceptible","susceptible","susceptible","susceptible","non-susceptible","susceptible","susceptible","susceptible","non-susceptible","non-susceptible","susceptible","non-susceptible","non-susceptible","non-susceptible","non-susceptible","susceptible","non-susceptible","non-susceptible","susceptible","susceptible","susceptible","susceptible","susceptible","non-susceptible","susceptible","susceptible","non-susceptible","susceptible","non-susceptible","non-susceptible","susceptible","susceptible","susceptible","susceptible","susceptible","non-susceptible","susceptible","non-susceptible","non-susceptible","non-susceptible","susceptible","non-susceptible","susceptible","non-susceptible","susceptible","susceptible","susceptible","non-susceptible","susceptible","non-susceptible","susceptible","non-susceptible","susceptible","susceptible","non-susceptible","susceptible","susceptible","susceptible","susceptible","non-susceptible","non-susceptible","susceptible","non-susceptible","susceptible","non-susceptible","non-susceptible","non-susceptible","susceptible","non-susceptible","non-susceptible","non-susceptible","susceptible","susceptible","susceptible","susceptible","non-susceptible","non-susceptible","susceptible","non-susceptible","non-susceptible","susceptible","susceptible","non-susceptible","non-susceptible","susceptible","non-susceptible","non-susceptible","non-susceptible","susceptible","susceptible","susceptible","susceptible","non-susceptible","susceptible","susceptible","non-susceptible","susceptible","susceptible","susceptible","susceptible","non-susceptible"
"30","non-susceptible","susceptible","susceptible","susceptible","susceptible","susceptible","non-susceptible","susceptible","susceptible","non-susceptible","non-susceptible","non-susceptible","non-susceptible","susceptible","non-susceptible","susceptible","non-susceptible","non-susceptible","susceptible","non-susceptible","non-susceptible","non-susceptible","non-susceptible","non-susceptible","non-susceptible","non-susceptible","susceptible","non-susceptible","susceptible","non-susceptible","non-susceptible","susceptible","non-susceptible","non-susceptible","non-susceptible","non-susceptible","susceptible","susceptible","non-susceptible","susceptible","susceptible","non-susceptible","non-susceptible","non-susceptible","non-susceptible","non-susceptible","non-susceptible","non-susceptible","non-susceptible","susceptible","non-susceptible","susceptible","susceptible","non-susceptible","susceptible","non-susceptible","susceptible","non-susceptible","non-susceptible","susceptible","non-susceptible","susceptible","non-susceptible","susceptible","non-susceptible","susceptible","susceptible","non-susceptible","susceptible","susceptible","susceptible","non-susceptible","non-susceptible","non-susceptible","susceptible","susceptible","non-susceptible","non-susceptible","non-susceptible","non-susceptible","non-susceptible","susceptible","non-susceptible","susceptible","susceptible","susceptible","susceptible","non-susceptible","susceptible","susceptible","susceptible","susceptible","non-susceptible","susceptible","susceptible","non-susceptible","susceptible","susceptible","susceptible","non-susceptible","susceptible","non-susceptible","non-susceptible","susceptible"
"31","non-susceptible","susceptible","susceptible","non-susceptible","non-susceptible","non-susceptible","susceptible","susceptible","non-susceptible","susceptible","non-susceptible","non-susceptible","susceptible","susceptible","susceptible","susceptible","non-susceptible","non-susceptible","non-susceptible","non-susceptible","susceptible","susceptible","susceptible","non-susceptible","susceptible","susceptible","non-susceptible","susceptible","non-susceptible","susceptible","susceptible","non-susceptible","susceptible","susceptible","non-susceptible","susceptible","non-susceptible","non-susceptible","susceptible","non-susceptible","non-susceptible","non-susceptible","non-susceptible","susceptible","non-susceptible","non-susceptible","susceptible","susceptible","non-susceptible","susceptible","non-susceptible","non-susceptible","non-susceptible","non-susceptible","susceptible","susceptible","susceptible","non-susceptible","non-susceptible","non-susceptible","non-susceptible","non-susceptible","non-susceptible","non-susceptible","non-susceptible","susceptible","non-susceptible","susceptible","susceptible","non-susceptible","non-susceptible","susceptible","non-susceptible","susceptible","non-susceptible","susceptible","susceptible","susceptible","non-susceptible","susceptible","susceptible","non-susceptible","susceptible","non-susceptible","non-susceptible","non-susceptible","non-susceptible","susceptible","non-susceptible","susceptible","non-susceptible","susceptible","susceptible","non-susceptible","susceptible","susceptible","susceptible","susceptible","non-susceptible","non-susceptible","susceptible","susceptible","non-susceptible","non-susceptible"
"32","susceptible","susceptible","non-susceptible","susceptible","susceptible","non-susceptible","susceptible","non-susceptible","non-susceptible","non-susceptible","susceptible","susceptible","susceptible","susceptible","susceptible","susceptible","non-susceptible","susceptible","susceptible","non-susceptible","non-susceptible","non-susceptible","susceptible","susceptible","susceptible","non-susceptible","susceptible","non-susceptible","susceptible","susceptible","susceptible","non-susceptible","non-susceptible","susceptible","non-susceptible","susceptible","non-susceptible","non-susceptible","susceptible","non-susceptible","non-susceptible","non-susceptible","susceptible","susceptible","non-susceptible","susceptible","non-susceptible","susceptible","non-susceptible","susceptible","non-susceptible","susceptible","non-susceptible","susceptible","non-susceptible","non-susceptible","non-susceptible","susceptible","non-susceptible","susceptible","susceptible","non-susceptible","susceptible","susceptible","susceptible","non-susceptible","susceptible","non-susceptible","susceptible","susceptible","non-susceptible","non-susceptible","non-susceptible","non-susceptible","non-susceptible","non-susceptible","non-susceptible","susceptible","susceptible","non-susceptible","susceptible","susceptible","susceptible","susceptible","non-susceptible","non-susceptible","non-susceptible","non-susceptible","susceptible","susceptible","susceptible","non-susceptible","susceptible","susceptible","non-susceptible","non-susceptible","non-susceptible","susceptible","susceptible","susceptible","non-susceptible","non-susceptible","susceptible","susceptible"
"33","non-susceptible","susceptible","susceptible","susceptible","susceptible","non-susceptible","susceptible","susceptible","non-susceptible","non-susceptible","non-susceptible","susceptible","non-susceptible","susceptible","non-susceptible","susceptible","non-susceptible","non-susceptible","susceptible","non-susceptible","non-susceptible","non-susceptible","non-susceptible","non-susceptible","susceptible","non-susceptible","susceptible","susceptible","non-susceptible","susceptible","non-susceptible","susceptible","non-susceptible","susceptible","non-susceptible","non-susceptible","susceptible","susceptible","non-susceptible","susceptible","susceptible","non-susceptible","susceptible","non-susceptible","non-susceptible","non-susceptible","susceptible","susceptible","non-susceptible","susceptible","non-susceptible","non-susceptible","susceptible","susceptible","non-susceptible","susceptible","susceptible","susceptible","non-susceptible","non-susceptible","susceptible","non-susceptible","susceptible","susceptible","susceptible","susceptible","non-susceptible","susceptible","non-susceptible","non-susceptible","susceptible","non-susceptible","susceptible","susceptible","susceptible","non-susceptible","susceptible","susceptible","susceptible","non-susceptible","non-susceptible","susceptible","susceptible","non-susceptible","susceptible","susceptible","non-susceptible","susceptible","non-susceptible","non-susceptible","susceptible","non-susceptible","non-susceptible","non-susceptible","non-susceptible","non-susceptible","susceptible","susceptible","non-susceptible","non-susceptible","non-susceptible","non-susceptible","non-susceptible","susceptible"
"34","susceptible","susceptible","susceptible","susceptible","susceptible","susceptible","non-susceptible","susceptible","non-susceptible","non-susceptible","susceptible","non-susceptible","susceptible","susceptible","non-susceptible","susceptible","susceptible","non-susceptible","non-susceptible","susceptible","non-susceptible","non-susceptible","susceptible","non-susceptible","susceptible","non-susceptible","susceptible","non-susceptible","susceptible","susceptible","non-susceptible","susceptible","susceptible","non-susceptible","susceptible","susceptible","susceptible","susceptible","non-susceptible","susceptible","susceptible","susceptible","susceptible","susceptible","susceptible","non-susceptible","non-susceptible","susceptible","susceptible","non-susceptible","susceptible","susceptible","non-susceptible","susceptible","susceptible","non-susceptible","susceptible","non-susceptible","non-susceptible","susceptible","susceptible","non-susceptible","susceptible","susceptible","susceptible","non-susceptible","non-susceptible","susceptible","non-susceptible","susceptible","susceptible","non-susceptible","susceptible","non-susceptible","non-susceptible","non-susceptible","susceptible","susceptible","susceptible","non-susceptible","susceptible","susceptible","susceptible","susceptible","susceptible","susceptible","susceptible","non-susceptible","susceptible","non-susceptible","non-susceptible","non-susceptible","susceptible","non-susceptible","non-susceptible","susceptible","non-susceptible","susceptible","susceptible","susceptible","susceptible","susceptible","non-susceptible","susceptible"
"35","susceptible","susceptible","non-susceptible","susceptible","non-susceptible","non-susceptible","non-susceptible","susceptible","susceptible","susceptible","susceptible","susceptible","non-susceptible","susceptible","susceptible","non-susceptible","susceptible","non-susceptible","non-susceptible","susceptible","susceptible","non-susceptible","susceptible","susceptible","susceptible","susceptible","susceptible","non-susceptible","susceptible","non-susceptible","susceptible","susceptible","susceptible","non-susceptible","non-susceptible","susceptible","susceptible","non-susceptible","non-susceptible","susceptible","non-susceptible","non-susceptible","non-susceptible","susceptible","non-susceptible","non-susceptible","non-susceptible","susceptible","susceptible","non-susceptible","non-susceptible","non-susceptible","non-susceptible","susceptible","non-susceptible","susceptible","susceptible","susceptible","susceptible","susceptible","susceptible","susceptible","non-susceptible","susceptible","susceptible","susceptible","susceptible","non-susceptible","non-susceptible","susceptible","non-susceptible","non-susceptible","non-susceptible","susceptible","non-susceptible","non-susceptible","non-susceptible","non-susceptible","susceptible","susceptible","susceptible","non-susceptible","susceptible","non-susceptible","susceptible","susceptible","non-susceptible","susceptible","non-susceptible","susceptible","susceptible","non-susceptible","susceptible","susceptible","non-susceptible","susceptible","non-susceptible","non-susceptible","non-susceptible","susceptible","susceptible","susceptible","susceptible","non-susceptible"
"36","non-susceptible","susceptible","susceptible","susceptible","susceptible","non-susceptible","non-susceptible","susceptible","non-susceptible","non-susceptible","susceptible","susceptible","susceptible","non-susceptible","susceptible","non-susceptible","non-susceptible","susceptible","non-susceptible","susceptible","susceptible","susceptible","non-susceptible","susceptible","susceptible","non-susceptible","non-susceptible","non-susceptible","susceptible","susceptible","susceptible","susceptible","susceptible","non-susceptible","susceptible","non-susceptible","susceptible","non-susceptible","non-susceptible","susceptible","susceptible","susceptible","susceptible","non-susceptible","susceptible","non-susceptible","non-susceptible","non-susceptible","non-susceptible","susceptible","susceptible","non-susceptible","non-susceptible","susceptible","susceptible","susceptible","non-susceptible","non-susceptible","susceptible","susceptible","non-susceptible","susceptible","susceptible","susceptible","susceptible","susceptible","non-susceptible","non-susceptible","susceptible","non-susceptible","susceptible","susceptible","non-susceptible","non-susceptible","non-susceptible","non-susceptible","susceptible","susceptible","susceptible","susceptible","non-susceptible","non-susceptible","susceptible","non-susceptible","non-susceptible","non-susceptible","susceptible","non-susceptible","non-susceptible","susceptible","non-susceptible","non-susceptible","susceptible","non-susceptible","non-susceptible","non-susceptible","susceptible","non-susceptible","susceptible","non-susceptible","susceptible","non-susceptible","susceptible","non-susceptible"
"37","non-susceptible","susceptible","non-susceptible","susceptible","non-susceptible","susceptible","non-susceptible","susceptible","non-susceptible","susceptible","susceptible","susceptible","non-susceptible","non-susceptible","susceptible","susceptible","susceptible","susceptible","susceptible","susceptible","susceptible","susceptible","non-susceptible","susceptible","susceptible","susceptible","susceptible","non-susceptible","susceptible","susceptible","susceptible","non-susceptible","non-susceptible","susceptible","non-susceptible","susceptible","non-susceptible","susceptible","non-susceptible","non-susceptible","non-susceptible","non-susceptible","susceptible","susceptible","non-susceptible","non-susceptible","susceptible","non-susceptible","susceptible","non-susceptible","non-susceptible","non-susceptible","non-susceptible","non-susceptible","non-susceptible","susceptible","non-susceptible","susceptible","susceptible","non-susceptible","non-susceptible","susceptible","non-susceptible","non-susceptible","susceptible","susceptible","susceptible","non-susceptible","non-susceptible","susceptible","susceptible","non-susceptible","non-susceptible","susceptible","susceptible","susceptible","susceptible","non-susceptible","non-susceptible","susceptible","non-susceptible","susceptible","susceptible","non-susceptible","non-susceptible","non-susceptible","non-susceptible","non-susceptible","non-susceptible","susceptible","susceptible","non-susceptible","susceptible","non-susceptible","non-susceptible","non-susceptible","susceptible","non-susceptible","susceptible","susceptible","susceptible","susceptible","susceptible","non-susceptible"
"38","non-susceptible","non-susceptible","non-susceptible","susceptible","susceptible","non-susceptible","non-susceptible","susceptible","non-susceptible","non-susceptible","susceptible","non-susceptible","non-susceptible","susceptible","susceptible","susceptible","susceptible","susceptible","non-susceptible","non-susceptible","susceptible","susceptible","susceptible","susceptible","susceptible","susceptible","susceptible","non-susceptible","non-susceptible","non-susceptible","susceptible","susceptible","susceptible","susceptible","susceptible","susceptible","non-susceptible","susceptible","non-susceptible","susceptible","non-susceptible","susceptible","susceptible","susceptible","susceptible","non-susceptible","susceptible","non-susceptible","susceptible","non-susceptible","non-susceptible","non-susceptible","susceptible","non-susceptible","non-susceptible","susceptible","susceptible","susceptible","susceptible","non-susceptible","non-susceptible","non-susceptible","susceptible","susceptible","non-susceptible","non-susceptible","susceptible","non-susceptible","non-susceptible","susceptible","non-susceptible","non-susceptible","susceptible","non-susceptible","susceptible","non-susceptible","susceptible","non-susceptible","non-susceptible","non-susceptible","susceptible","susceptible","non-susceptible","susceptible","susceptible","non-susceptible","susceptible","susceptible","non-susceptible","susceptible","susceptible","non-susceptible","susceptible","non-susceptible","non-susceptible","susceptible","susceptible","non-susceptible","non-susceptible","non-susceptible","non-susceptible","non-susceptible","non-susceptible","non-susceptible"
"39","susceptible","susceptible","non-susceptible","susceptible","non-susceptible","non-susceptible","non-susceptible","non-susceptible","non-susceptible","susceptible","susceptible","non-susceptible","non-susceptible","susceptible","susceptible","susceptible","susceptible","susceptible","non-susceptible","non-susceptible","non-susceptible","susceptible","susceptible","susceptible","susceptible","non-susceptible","susceptible","non-susceptible","non-susceptible","non-susceptible","non-susceptible","non-susceptible","susceptible","susceptible","susceptible","non-susceptible","susceptible","susceptible","susceptible","susceptible","non-susceptible","non-susceptible","susceptible","non-susceptible","susceptible","non-susceptible","non-susceptible","susceptible","non-susceptible","non-susceptible","susceptible","non-susceptible","susceptible","susceptible","non-susceptible","non-susceptible","non-susceptible","non-susceptible","non-susceptible","non-susceptible","susceptible","non-susceptible","susceptible","susceptible","non-susceptible","non-susceptible","non-susceptible","non-susceptible","susceptible","non-susceptible","susceptible","non-susceptible","susceptible","non-susceptible","susceptible","susceptible","susceptible","non-susceptible","susceptible","non-susceptible","susceptible","susceptible","susceptible","non-susceptible","susceptible","non-susceptible","susceptible","susceptible","non-susceptible","non-susceptible","non-susceptible","susceptible","susceptible","non-susceptible","non-susceptible","non-susceptible","non-susceptible","non-susceptible","non-susceptible","non-susceptible","non-susceptible","non-susceptible","non-susceptible","non-susceptible"
"40","susceptible","susceptible","susceptible","susceptible","non-susceptible","susceptible","non-susceptible","susceptible","susceptible","non-susceptible","susceptible","non-susceptible","non-susceptible","susceptible","non-susceptible","susceptible","non-susceptible","susceptible","susceptible","non-susceptible","susceptible","non-susceptible","non-susceptible","non-susceptible","non-susceptible","susceptible","non-susceptible","susceptible","non-susceptible","susceptible","non-susceptible","non-susceptible","non-susceptible","susceptible","susceptible","non-susceptible","susceptible","susceptible","susceptible","non-susceptible","susceptible","susceptible","susceptible","susceptible","susceptible","non-susceptible","non-susceptible","non-susceptible","non-susceptible","non-susceptible","susceptible","susceptible","susceptible","non-susceptible","non-susceptible","susceptible","non-susceptible","non-susceptible","non-susceptible","non-susceptible","non-susceptible","non-susceptible","susceptible","susceptible","susceptible","non-susceptible","non-susceptible","susceptible","non-susceptible","susceptible","non-susceptible","susceptible","susceptible","non-susceptible","non-susceptible","non-susceptible","susceptible","susceptible","susceptible","susceptible","susceptible","susceptible","non-susceptible","susceptible","susceptible","susceptible","non-susceptible","susceptible","susceptible","susceptible","susceptible","susceptible","susceptible","non-susceptible","non-susceptible","susceptible","non-susceptible","susceptible","non-susceptible","susceptible","non-susceptible","susceptible","susceptible","susceptible"
"41","susceptible","non-susceptible","non-susceptible","non-susceptible","susceptible","non-susceptible","susceptible","non-susceptible","susceptible","non-susceptible","non-susceptible","non-susceptible","susceptible","susceptible","susceptible","non-susceptible","non-susceptible","non-susceptible","susceptible","susceptible","susceptible","susceptible","susceptible","susceptible","susceptible","susceptible","non-susceptible","non-susceptible","non-susceptible","non-susceptible","susceptible","non-susceptible","non-susceptible","non-susceptible","non-susceptible","non-susceptible","non-susceptible","susceptible","non-susceptible","susceptible","non-susceptible","non-susceptible","susceptible","non-susceptible","susceptible","susceptible","susceptible","susceptible","susceptible","non-susceptible","non-susceptible","susceptible","susceptible","susceptible","non-susceptible","non-susceptible","susceptible","non-susceptible","susceptible","non-susceptible","non-susceptible","non-susceptible","non-susceptible","susceptible","susceptible","susceptible","non-susceptible","susceptible","susceptible","non-susceptible","susceptible","non-susceptible","non-susceptible","susceptible","susceptible","susceptible","susceptible","susceptible","susceptible","non-susceptible","susceptible","non-susceptible","non-susceptible","non-susceptible","susceptible","susceptible","susceptible","susceptible","susceptible","non-susceptible","non-susceptible","susceptible","susceptible","susceptible","non-susceptible","non-susceptible","susceptible","non-susceptible","susceptible","susceptible","susceptible","susceptible","susceptible","susceptible"
"42","susceptible","non-susceptible","susceptible","non-susceptible","non-susceptible","susceptible","susceptible","non-susceptible","non-susceptible","susceptible","susceptible","non-susceptible","non-susceptible","non-susceptible","susceptible","non-susceptible","non-susceptible","susceptible","susceptible","non-susceptible","non-susceptible","non-susceptible","susceptible","non-susceptible","non-susceptible","susceptible","susceptible","susceptible","non-susceptible","susceptible","non-susceptible","susceptible","susceptible","susceptible","non-susceptible","susceptible","susceptible","non-susceptible","non-susceptible","non-susceptible","susceptible","non-susceptible","non-susceptible","susceptible","susceptible","non-susceptible","susceptible","non-susceptible","susceptible","susceptible","non-susceptible","non-susceptible","susceptible","susceptible","susceptible","susceptible","non-susceptible","susceptible","susceptible","susceptible","susceptible","susceptible","susceptible","non-susceptible","susceptible","non-susceptible","susceptible","susceptible","susceptible","non-susceptible","susceptible","susceptible","susceptible","susceptible","non-susceptible","non-susceptible","non-susceptible","susceptible","susceptible","non-susceptible","non-susceptible","susceptible","susceptible","non-susceptible","susceptible","susceptible","susceptible","susceptible","non-susceptible","susceptible","non-susceptible","non-susceptible","non-susceptible","non-susceptible","susceptible","non-susceptible","susceptible","susceptible","non-susceptible","non-susceptible","susceptible","non-susceptible","non-susceptible","susceptible"
"43","non-susceptible","susceptible","non-susceptible","susceptible","non-susceptible","non-susceptible","susceptible","susceptible","susceptible","non-susceptible","non-susceptible","susceptible","non-susceptible","susceptible","non-susceptible","susceptible","susceptible","susceptible","non-susceptible","susceptible","non-susceptible","susceptible","non-susceptible","non-susceptible","non-susceptible","susceptible","susceptible","non-susceptible","non-susceptible","susceptible","non-susceptible","susceptible","non-susceptible","susceptible","non-susceptible","non-susceptible","susceptible","susceptible","susceptible","non-susceptible","susceptible","susceptible","susceptible","non-susceptible","susceptible","susceptible","non-susceptible","susceptible","non-susceptible","susceptible","susceptible","non-susceptible","non-susceptible","non-susceptible","susceptible","non-susceptible","susceptible","susceptible","susceptible","non-susceptible","susceptible","susceptible","susceptible","non-susceptible","susceptible","susceptible","non-susceptible","non-susceptible","susceptible","susceptible","susceptible","susceptible","non-susceptible","susceptible","non-susceptible","non-susceptible","non-susceptible","susceptible","susceptible","non-susceptible","susceptible","non-susceptible","susceptible","susceptible","susceptible","susceptible","non-susceptible","non-susceptible","susceptible","non-susceptible","susceptible","susceptible","non-susceptible","non-susceptible","susceptible","non-susceptible","susceptible","susceptible","susceptible","susceptible","susceptible","susceptible","susceptible","susceptible"
"44","non-susceptible","non-susceptible","susceptible","susceptible","susceptible","non-susceptible","susceptible","susceptible","non-susceptible","susceptible","non-susceptible","susceptible","susceptible","non-susceptible","non-susceptible","non-susceptible","non-susceptible","non-susceptible","susceptible","non-susceptible","non-susceptible","susceptible","non-susceptible","susceptible","susceptible","susceptible","susceptible","non-susceptible","susceptible","non-susceptible","susceptible","susceptible","non-susceptible","susceptible","susceptible","susceptible","non-susceptible","non-susceptible","non-susceptible","non-susceptible","susceptible","susceptible","non-susceptible","non-susceptible","non-susceptible","non-susceptible","non-susceptible","non-susceptible","susceptible","susceptible","non-susceptible","non-susceptible","susceptible","susceptible","non-susceptible","susceptible","susceptible","non-susceptible","non-susceptible","non-susceptible","susceptible","susceptible","non-susceptible","susceptible","susceptible","non-susceptible","susceptible","non-susceptible","non-susceptible","susceptible","non-susceptible","susceptible","non-susceptible","non-susceptible","susceptible","non-susceptible","susceptible","susceptible","non-susceptible","non-susceptible","susceptible","non-susceptible","non-susceptible","susceptible","non-susceptible","non-susceptible","non-susceptible","non-susceptible","susceptible","non-susceptible","susceptible","non-susceptible","non-susceptible","susceptible","susceptible","susceptible","susceptible","susceptible","non-susceptible","susceptible","non-susceptible","non-susceptible","non-susceptible","susceptible"
"45","non-susceptible","non-susceptible","non-susceptible","non-susceptible","non-susceptible","non-susceptible","non-susceptible","susceptible","susceptible","non-susceptible","non-susceptible","susceptible","susceptible","susceptible","susceptible","non-susceptible","non-susceptible","non-susceptible","susceptible","non-susceptible","susceptible","susceptible","non-susceptible","non-susceptible","non-susceptible","susceptible","non-susceptible","non-susceptible","susceptible","non-susceptible","susceptible","susceptible","susceptible","susceptible","susceptible","susceptible","susceptible","susceptible","susceptible","susceptible","susceptible","non-susceptible","non-susceptible","susceptible","susceptible","susceptible","non-susceptible","non-susceptible","susceptible","susceptible","non-susceptible","non-susceptible","non-susceptible","susceptible","susceptible","non-susceptible","non-susceptible","susceptible","susceptible","non-susceptible","susceptible","susceptible","susceptible","non-susceptible","susceptible","non-susceptible","susceptible","non-susceptible","non-susceptible","non-susceptible","susceptible","susceptible","non-susceptible","susceptible","non-susceptible","non-susceptible","non-susceptible","susceptible","non-susceptible","susceptible","non-susceptible","susceptible","non-susceptible","susceptible","non-susceptible","non-susceptible","non-susceptible","susceptible","non-susceptible","susceptible","susceptible","non-susceptible","susceptible","non-susceptible","non-susceptible","susceptible","non-susceptible","non-susceptible","susceptible","non-susceptible","susceptible","non-susceptible","non-susceptible","susceptible"
"46","non-susceptible","susceptible","non-susceptible","non-susceptible","susceptible","susceptible","susceptible","susceptible","susceptible","non-susceptible","non-susceptible","susceptible","susceptible","susceptible","susceptible","susceptible","susceptible","susceptible","non-susceptible","susceptible","non-susceptible","susceptible","non-susceptible","non-susceptible","susceptible","non-susceptible","susceptible","susceptible","non-susceptible","susceptible","non-susceptible","non-susceptible","non-susceptible","non-susceptible","susceptible","susceptible","susceptible","susceptible","susceptible","susceptible","susceptible","susceptible","susceptible","non-susceptible","susceptible","non-susceptible","susceptible","non-susceptible","non-susceptible","susceptible","susceptible","susceptible","susceptible","non-susceptible","non-susceptible","non-susceptible","susceptible","susceptible","susceptible","non-susceptible","susceptible","non-susceptible","non-susceptible","susceptible","susceptible","susceptible","susceptible","non-susceptible","susceptible","non-susceptible","susceptible","susceptible","non-susceptible","susceptible","non-susceptible","susceptible","non-susceptible","non-susceptible","susceptible","non-susceptible","non-susceptible","susceptible","non-susceptible","non-susceptible","susceptible","susceptible","non-susceptible","non-susceptible","susceptible","susceptible","non-susceptible","non-susceptible","susceptible","susceptible","susceptible","susceptible","non-susceptible","susceptible","susceptible","non-susceptible","susceptible","non-susceptible","susceptible","susceptible"
"47","susceptible","susceptible","non-susceptible","susceptible","susceptible","susceptible","susceptible","non-susceptible","susceptible","susceptible","non-susceptible","non-susceptible","non-susceptible","non-susceptible","susceptible","susceptible","susceptible","susceptible","non-susceptible","susceptible","susceptible","susceptible","susceptible","susceptible","non-susceptible","non-susceptible","non-susceptible","susceptible","susceptible","susceptible","susceptible","non-susceptible","non-susceptible","non-susceptible","susceptible","non-susceptible","non-susceptible","non-susceptible","susceptible","non-susceptible","non-susceptible","susceptible","susceptible","susceptible","susceptible","non-susceptible","susceptible","non-susceptible","susceptible","non-susceptible","susceptible","susceptible","susceptible","non-susceptible","non-susceptible","susceptible","non-susceptible","susceptible","non-susceptible","susceptible","susceptible","non-susceptible","susceptible","susceptible","susceptible","susceptible","non-susceptible","non-susceptible","susceptible","susceptible","susceptible","non-susceptible","non-susceptible","non-susceptible","susceptible","susceptible","non-susceptible","susceptible","susceptible","susceptible","non-susceptible","non-susceptible","susceptible","non-susceptible","susceptible","non-susceptible","susceptible","non-susceptible","non-susceptible","non-susceptible","non-susceptible","susceptible","non-susceptible","susceptible","non-susceptible","susceptible","non-susceptible","susceptible","non-susceptible","non-susceptible","susceptible","non-susceptible","non-susceptible","non-susceptible"
"48","non-susceptible","susceptible","susceptible","susceptible","susceptible","susceptible","susceptible","susceptible","non-susceptible","non-susceptible","susceptible","non-susceptible","susceptible","non-susceptible","non-susceptible","non-susceptible","susceptible","non-susceptible","non-susceptible","non-susceptible","non-susceptible","non-susceptible","non-susceptible","non-susceptible","susceptible","non-susceptible","susceptible","non-susceptible","susceptible","susceptible","non-susceptible","susceptible","non-susceptible","susceptible","non-susceptible","non-susceptible","non-susceptible","non-susceptible","non-susceptible","susceptible","non-susceptible","non-susceptible","susceptible","non-susceptible","non-susceptible","susceptible","susceptible","non-susceptible","non-susceptible","non-susceptible","susceptible","non-susceptible","susceptible","susceptible","non-susceptible","non-susceptible","non-susceptible","non-susceptible","susceptible","non-susceptible","non-susceptible","susceptible","non-susceptible","non-susceptible","susceptible","susceptible","non-susceptible","non-susceptible","non-susceptible","susceptible","susceptible","susceptible","susceptible","non-susceptible","non-susceptible","non-susceptible","susceptible","susceptible","non-susceptible","susceptible","susceptible","non-susceptible","susceptible","non-susceptible","susceptible","susceptible","susceptible","susceptible","non-susceptible","non-susceptible","susceptible","non-susceptible","susceptible","susceptible","susceptible","non-susceptible","non-susceptible","susceptible","non-susceptible","susceptible","non-susceptible","susceptible","susceptible","susceptible"
"49","non-susceptible","susceptible","susceptible","susceptible","non-susceptible","non-susceptible","non-susceptible","non-susceptible","non-susceptible","non-susceptible","non-susceptible","non-susceptible","susceptible","susceptible","non-susceptible","non-susceptible","non-susceptible","non-susceptible","non-susceptible","non-susceptible","susceptible","susceptible","non-susceptible","non-susceptible","susceptible","non-susceptible","susceptible","susceptible","non-susceptible","susceptible","non-susceptible","susceptible","non-susceptible","non-susceptible","non-susceptible","susceptible","non-susceptible","non-susceptible","susceptible","susceptible","non-susceptible","susceptible","non-susceptible","susceptible","non-susceptible","non-susceptible","non-susceptible","non-susceptible","susceptible","non-susceptible","non-susceptible","susceptible","non-susceptible","non-susceptible","non-susceptible","susceptible","susceptible","non-susceptible","susceptible","susceptible","non-susceptible","non-susceptible","non-susceptible","non-susceptible","susceptible","susceptible","susceptible","susceptible","susceptible","susceptible","susceptible","non-susceptible","susceptible","susceptible","non-susceptible","non-susceptible","non-susceptible","susceptible","non-susceptible","non-susceptible","susceptible","susceptible","non-susceptible","susceptible","susceptible","non-susceptible","susceptible","susceptible","non-susceptible","non-susceptible","susceptible","susceptible","susceptible","susceptible","non-susceptible","non-susceptible","non-susceptible","non-susceptible","non-susceptible","susceptible","non-susceptible","non-susceptible","non-susceptible","susceptible"
"50","non-susceptible","susceptible","non-susceptible","susceptible","non-susceptible","non-susceptible","non-susceptible","non-susceptible","non-susceptible","non-susceptible","non-susceptible","susceptible","susceptible","non-susceptible","susceptible","susceptible","non-susceptible","non-susceptible","susceptible","susceptible","susceptible","non-susceptible","non-susceptible","non-susceptible","non-susceptible","non-susceptible","non-susceptible","susceptible","non-susceptible","susceptible","susceptible","non-susceptible","susceptible","non-susceptible","susceptible","susceptible","non-susceptible","non-susceptible","non-susceptible","susceptible","non-susceptible","non-susceptible","susceptible","susceptible","susceptible","non-susceptible","non-susceptible","susceptible","susceptible","non-susceptible","susceptible","non-susceptible","non-susceptible","non-susceptible","susceptible","non-susceptible","non-susceptible","susceptible","susceptible","non-susceptible","non-susceptible","non-susceptible","non-susceptible","susceptible","non-susceptible","susceptible","susceptible","susceptible","non-susceptible","susceptible","susceptible","non-susceptible","susceptible","susceptible","susceptible","susceptible","susceptible","susceptible","non-susceptible","susceptible","non-susceptible","susceptible","susceptible","susceptible","non-susceptible","susceptible","non-susceptible","susceptible","non-susceptible","non-susceptible","non-susceptible","non-susceptible","non-susceptible","non-susceptible","susceptible","susceptible","non-susceptible","susceptible","susceptible","non-susceptible","susceptible","non-susceptible","non-susceptible","non-susceptible"
"51","susceptible","non-susceptible","susceptible","susceptible","susceptible","non-susceptible","susceptible","susceptible","non-susceptible","susceptible","susceptible","non-susceptible","non-susceptible","non-susceptible","susceptible","non-susceptible","non-susceptible","non-susceptible","susceptible","non-susceptible","susceptible","susceptible","susceptible","susceptible","susceptible","non-susceptible","susceptible","susceptible","susceptible","non-susceptible","susceptible","susceptible","non-susceptible","susceptible","non-susceptible","non-susceptible","susceptible","non-susceptible","susceptible","susceptible","non-susceptible","non-susceptible","non-susceptible","non-susceptible","non-susceptible","non-susceptible","susceptible","non-susceptible","susceptible","non-susceptible","susceptible","non-susceptible","susceptible","susceptible","non-susceptible","susceptible","non-susceptible","non-susceptible","susceptible","non-susceptible","susceptible","non-susceptible","susceptible","non-susceptible","susceptible","susceptible","non-susceptible","non-susceptible","susceptible","non-susceptible","susceptible","susceptible","susceptible","susceptible","non-susceptible","non-susceptible","susceptible","susceptible","non-susceptible","non-susceptible","susceptible","susceptible","non-susceptible","non-susceptible","susceptible","susceptible","susceptible","susceptible","non-susceptible","non-susceptible","susceptible","non-susceptible","non-susceptible","susceptible","susceptible","non-susceptible","susceptible","susceptible","non-susceptible","non-susceptible","susceptible","non-susceptible","susceptible","susceptible"
"52","susceptible","susceptible","susceptible","non-susceptible","susceptible","non-susceptible","susceptible","susceptible","susceptible","non-susceptible","non-susceptible","non-susceptible","susceptible","susceptible","non-susceptible","non-susceptible","non-susceptible","susceptible","susceptible","susceptible","non-susceptible","non-susceptible","non-susceptible","susceptible","susceptible","non-susceptible","non-susceptible","susceptible","non-susceptible","susceptible","susceptible","susceptible","susceptible","susceptible","susceptible","susceptible","non-susceptible","non-susceptible","susceptible","non-susceptible","susceptible","non-susceptible","susceptible","susceptible","susceptible","non-susceptible","non-susceptible","non-susceptible","susceptible","susceptible","susceptible","susceptible","non-susceptible","susceptible","susceptible","susceptible","non-susceptible","non-susceptible","susceptible","susceptible","susceptible","susceptible","non-susceptible","susceptible","susceptible","non-susceptible","susceptible","susceptible","susceptible","susceptible","susceptible","susceptible","susceptible","susceptible","susceptible","susceptible","susceptible","non-susceptible","non-susceptible","susceptible","susceptible","susceptible","non-susceptible","susceptible","non-susceptible","non-susceptible","susceptible","non-susceptible","non-susceptible","susceptible","susceptible","non-susceptible","susceptible","non-susceptible","susceptible","non-susceptible","non-susceptible","susceptible","non-susceptible","non-susceptible","non-susceptible","susceptible","non-susceptible","non-susceptible"
"53","susceptible","susceptible","susceptible","non-susceptible","susceptible","non-susceptible","susceptible","non-susceptible","non-susceptible","susceptible","non-susceptible","non-susceptible","non-susceptible","susceptible","susceptible","susceptible","susceptible","susceptible","susceptible","non-susceptible","non-susceptible","susceptible","susceptible","susceptible","non-susceptible","non-susceptible","susceptible","susceptible","susceptible","susceptible","non-susceptible","non-susceptible","susceptible","susceptible","susceptible","non-susceptible","susceptible","non-susceptible","susceptible","non-susceptible","non-susceptible","susceptible","non-susceptible","non-susceptible","non-susceptible","susceptible","non-susceptible","susceptible","non-susceptible","susceptible","non-susceptible","non-susceptible","susceptible","susceptible","susceptible","susceptible","susceptible","susceptible","susceptible","non-susceptible","susceptible","susceptible","susceptible","non-susceptible","susceptible","non-susceptible","susceptible","susceptible","susceptible","susceptible","susceptible","susceptible","non-susceptible","non-susceptible","non-susceptible","susceptible","non-susceptible","susceptible","susceptible","non-susceptible","susceptible","non-susceptible","non-susceptible","non-susceptible","non-susceptible","non-susceptible","susceptible","susceptible","susceptible","non-susceptible","non-susceptible","susceptible","non-susceptible","susceptible","susceptible","non-susceptible","non-susceptible","non-susceptible","susceptible","susceptible","non-susceptible","non-susceptible","non-susceptible","non-susceptible"
"54","susceptible","non-susceptible","non-susceptible","susceptible","non-susceptible","non-susceptible","susceptible","non-susceptible","non-susceptible","non-susceptible","susceptible","susceptible","non-susceptible","susceptible","susceptible","non-susceptible","susceptible","susceptible","susceptible","susceptible","susceptible","non-susceptible","non-susceptible","susceptible","susceptible","non-susceptible","non-susceptible","non-susceptible","non-susceptible","susceptible","susceptible","non-susceptible","susceptible","non-susceptible","susceptible","non-susceptible","non-susceptible","non-susceptible","susceptible","susceptible","susceptible","susceptible","susceptible","susceptible","non-susceptible","non-susceptible","susceptible","non-susceptible","non-susceptible","non-susceptible","susceptible","non-susceptible","susceptible","susceptible","susceptible","susceptible","non-susceptible","non-susceptible","susceptible","non-susceptible","non-susceptible","susceptible","susceptible","susceptible","susceptible","susceptible","susceptible","non-susceptible","non-susceptible","non-susceptible","susceptible","non-susceptible","susceptible","non-susceptible","non-susceptible","non-susceptible","susceptible","non-susceptible","non-susceptible","non-susceptible","non-susceptible","susceptible","susceptible","susceptible","non-susceptible","non-susceptible","susceptible","non-susceptible","susceptible","non-susceptible","non-susceptible","non-susceptible","susceptible","susceptible","susceptible","susceptible","susceptible","non-susceptible","susceptible","susceptible","susceptible","susceptible","susceptible","non-susceptible"
"55","susceptible","susceptible","susceptible","non-susceptible","non-susceptible","susceptible","non-susceptible","susceptible","non-susceptible","non-susceptible","susceptible","susceptible","non-susceptible","non-susceptible","non-susceptible","non-susceptible","susceptible","non-susceptible","non-susceptible","susceptible","non-susceptible","non-susceptible","non-susceptible","non-susceptible","non-susceptible","susceptible","non-susceptible","susceptible","susceptible","susceptible","non-susceptible","susceptible","susceptible","non-susceptible","susceptible","non-susceptible","non-susceptible","susceptible","susceptible","susceptible","non-susceptible","susceptible","non-susceptible","non-susceptible","non-susceptible","susceptible","susceptible","non-susceptible","susceptible","non-susceptible","susceptible","susceptible","susceptible","non-susceptible","susceptible","susceptible","non-susceptible","non-susceptible","non-susceptible","susceptible","susceptible","susceptible","susceptible","non-susceptible","susceptible","susceptible","susceptible","susceptible","susceptible","non-susceptible","non-susceptible","susceptible","non-susceptible","susceptible","susceptible","non-susceptible","non-susceptible","non-susceptible","susceptible","non-susceptible","susceptible","non-susceptible","non-susceptible","non-susceptible","susceptible","susceptible","susceptible","susceptible","susceptible","susceptible","susceptible","susceptible","susceptible","non-susceptible","non-susceptible","non-susceptible","susceptible","susceptible","susceptible","non-susceptible","susceptible","susceptible","susceptible","non-susceptible"
"56","non-susceptible","non-susceptible","non-susceptible","susceptible","susceptible","non-susceptible","susceptible","susceptible","non-susceptible","non-susceptible","susceptible","susceptible","susceptible","non-susceptible","non-susceptible","susceptible","susceptible","non-susceptible","non-susceptible","susceptible","non-susceptible","susceptible","susceptible","non-susceptible","non-susceptible","susceptible","non-susceptible","non-susceptible","non-susceptible","susceptible","susceptible","susceptible","non-susceptible","susceptible","susceptible","non-susceptible","susceptible","susceptible","susceptible","non-susceptible","susceptible","susceptible","susceptible","non-susceptible","susceptible","susceptible","susceptible","susceptible","non-susceptible","susceptible","susceptible","susceptible","susceptible","non-susceptible","susceptible","non-susceptible","non-susceptible","susceptible","susceptible","non-susceptible","non-susceptible","non-susceptible","non-susceptible","non-susceptible","non-susceptible","non-susceptible","non-susceptible","susceptible","susceptible","non-susceptible","susceptible","susceptible","susceptible","susceptible","susceptible","susceptible","non-susceptible","susceptible","non-susceptible","non-susceptible","non-susceptible","non-susceptible","susceptible","susceptible","non-susceptible","non-susceptible","non-susceptible","non-susceptible","non-susceptible","non-susceptible","non-susceptible","non-susceptible","non-susceptible","non-susceptible","non-susceptible","non-susceptible","non-susceptible","susceptible","susceptible","susceptible","susceptible","susceptible","non-susceptible","susceptible"
"57","non-susceptible","non-susceptible","susceptible","susceptible","susceptible","non-susceptible","non-susceptible","non-susceptible","susceptible","susceptible","susceptible","non-susceptible","susceptible","non-susceptible","susceptible","susceptible","susceptible","susceptible","non-susceptible","susceptible","non-susceptible","non-susceptible","susceptible","non-susceptible","non-susceptible","non-susceptible","non-susceptible","susceptible","non-susceptible","non-susceptible","non-susceptible","susceptible","non-susceptible","non-susceptible","non-susceptible","susceptible","susceptible","susceptible","non-susceptible","non-susceptible","susceptible","non-susceptible","non-susceptible","susceptible","susceptible","non-susceptible","susceptible","non-susceptible","non-susceptible","susceptible","non-susceptible","susceptible","susceptible","susceptible","susceptible","susceptible","susceptible","non-susceptible","susceptible","non-susceptible","susceptible","susceptible","susceptible","susceptible","susceptible","susceptible","susceptible","susceptible","non-susceptible","non-susceptible","susceptible","susceptible","susceptible","susceptible","non-susceptible","susceptible","susceptible","non-susceptible","non-susceptible","susceptible","susceptible","non-susceptible","susceptible","susceptible","non-susceptible","susceptible","susceptible","non-susceptible","susceptible","susceptible","non-susceptible","susceptible","susceptible","susceptible","susceptible","susceptible","susceptible","susceptible","susceptible","non-susceptible","susceptible","non-susceptible","non-susceptible","non-susceptible"
"58","non-susceptible","non-susceptible","susceptible","non-susceptible","susceptible","non-susceptible","susceptible","non-susceptible","non-susceptible","susceptible","non-susceptible","susceptible","non-susceptible","non-susceptible","non-susceptible","non-susceptible","susceptible","susceptible","susceptible","non-susceptible","susceptible","susceptible","non-susceptible","non-susceptible","non-susceptible","non-susceptible","non-susceptible","non-susceptible","susceptible","non-susceptible","susceptible","susceptible","susceptible","susceptible","non-susceptible","non-susceptible","susceptible","non-susceptible","non-susceptible","susceptible","non-susceptible","susceptible","susceptible","susceptible","non-susceptible","susceptible","non-susceptible","susceptible","susceptible","susceptible","susceptible","susceptible","non-susceptible","susceptible","susceptible","non-susceptible","non-susceptible","non-susceptible","susceptible","non-susceptible","non-susceptible","non-susceptible","susceptible","susceptible","non-susceptible","non-susceptible","susceptible","susceptible","non-susceptible","non-susceptible","non-susceptible","susceptible","susceptible","non-susceptible","susceptible","non-susceptible","non-susceptible","susceptible","susceptible","non-susceptible","susceptible","non-susceptible","susceptible","non-susceptible","non-susceptible","non-susceptible","susceptible","susceptible","susceptible","susceptible","susceptible","susceptible","non-susceptible","susceptible","susceptible","susceptible","non-susceptible","non-susceptible","susceptible","susceptible","susceptible","susceptible","susceptible","non-susceptible"
"59","susceptible","susceptible","susceptible","susceptible","non-susceptible","susceptible","susceptible","susceptible","non-susceptible","non-susceptible","susceptible","susceptible","susceptible","non-susceptible","non-susceptible","susceptible","non-susceptible","non-susceptible","susceptible","susceptible","susceptible","susceptible","susceptible","susceptible","susceptible","non-susceptible","non-susceptible","susceptible","non-susceptible","non-susceptible","susceptible","non-susceptible","susceptible","susceptible","susceptible","susceptible","non-susceptible","susceptible","susceptible","non-susceptible","non-susceptible","susceptible","non-susceptible","non-susceptible","non-susceptible","susceptible","susceptible","susceptible","susceptible","susceptible","non-susceptible","susceptible","non-susceptible","non-susceptible","susceptible","susceptible","non-susceptible","non-susceptible","susceptible","susceptible","susceptible","susceptible","susceptible","susceptible","susceptible","susceptible","non-susceptible","non-susceptible","susceptible","susceptible","susceptible","susceptible","susceptible","susceptible","susceptible","susceptible","non-susceptible","non-susceptible","non-susceptible","non-susceptible","non-susceptible","non-susceptible","susceptible","susceptible","susceptible","susceptible","non-susceptible","susceptible","non-susceptible","susceptible","non-susceptible","non-susceptible","susceptible","susceptible","susceptible","non-susceptible","non-susceptible","susceptible","non-susceptible","non-susceptible","susceptible","susceptible","non-susceptible","non-susceptible"
"60","susceptible","susceptible","susceptible","susceptible","susceptible","non-susceptible","susceptible","non-susceptible","non-susceptible","non-susceptible","susceptible","non-susceptible","susceptible","non-susceptible","non-susceptible","susceptible","non-susceptible","susceptible","susceptible","susceptible","susceptible","susceptible","non-susceptible","susceptible","susceptible","non-susceptible","non-susceptible","susceptible","non-susceptible","susceptible","non-susceptible","non-susceptible","non-susceptible","susceptible","non-susceptible","non-susceptible","non-susceptible","susceptible","non-susceptible","susceptible","non-susceptible","susceptible","non-susceptible","non-susceptible","non-susceptible","susceptible","susceptible","susceptible","non-susceptible","non-susceptible","non-susceptible","non-susceptible","susceptible","non-susceptible","non-susceptible","susceptible","susceptible","non-susceptible","non-susceptible","non-susceptible","non-susceptible","non-susceptible","non-susceptible","non-susceptible","susceptible","susceptible","susceptible","non-susceptible","non-susceptible","non-susceptible","susceptible","non-susceptible","non-susceptible","non-susceptible","susceptible","susceptible","susceptible","susceptible","non-susceptible","susceptible","susceptible","non-susceptible","susceptible","susceptible","non-susceptible","non-susceptible","non-susceptible","susceptible","non-susceptible","susceptible","non-susceptible","susceptible","non-susceptible","susceptible","susceptible","susceptible","susceptible","susceptible","susceptible","non-susceptible","non-susceptible","non-susceptible","non-susceptible","non-susceptible"
"61","susceptible","non-susceptible","susceptible","susceptible","non-susceptible","susceptible","susceptible","susceptible","non-susceptible","susceptible","susceptible","non-susceptible","susceptible","non-susceptible","non-susceptible","susceptible","non-susceptible","susceptible","non-susceptible","non-susceptible","non-susceptible","susceptible","susceptible","non-susceptible","susceptible","susceptible","susceptible","susceptible","non-susceptible","non-susceptible","susceptible","non-susceptible","non-susceptible","susceptible","susceptible","non-susceptible","non-susceptible","susceptible","non-susceptible","non-susceptible","non-susceptible","susceptible","non-susceptible","susceptible","susceptible","susceptible","susceptible","non-susceptible","non-susceptible","susceptible","susceptible","non-susceptible","non-susceptible","susceptible","susceptible","susceptible","susceptible","susceptible","non-susceptible","non-susceptible","non-susceptible","non-susceptible","non-susceptible","susceptible","susceptible","susceptible","susceptible","susceptible","non-susceptible","susceptible","susceptible","non-susceptible","non-susceptible","susceptible","susceptible","non-susceptible","non-susceptible","non-susceptible","non-susceptible","susceptible","non-susceptible","susceptible","susceptible","non-susceptible","non-susceptible","non-susceptible","non-susceptible","susceptible","non-susceptible","non-susceptible","susceptible","susceptible","non-susceptible","susceptible","susceptible","susceptible","susceptible","non-susceptible","susceptible","susceptible","non-susceptible","susceptible","non-susceptible","non-susceptible"
"62","susceptible","non-susceptible","non-susceptible","non-susceptible","non-susceptible","susceptible","non-susceptible","non-susceptible","susceptible","non-susceptible","susceptible","susceptible","non-susceptible","susceptible","susceptible","susceptible","susceptible","non-susceptible","non-susceptible","non-susceptible","susceptible","susceptible","susceptible","non-susceptible","non-susceptible","non-susceptible","non-susceptible","susceptible","non-susceptible","susceptible","non-susceptible","susceptible","non-susceptible","non-susceptible","susceptible","susceptible","non-susceptible","susceptible","susceptible","non-susceptible","susceptible","non-susceptible","susceptible","susceptible","susceptible","susceptible","non-susceptible","non-susceptible","susceptible","non-susceptible","non-susceptible","susceptible","non-susceptible","non-susceptible","susceptible","non-susceptible","non-susceptible","susceptible","susceptible","susceptible","non-susceptible","susceptible","non-susceptible","susceptible","susceptible","non-susceptible","susceptible","non-susceptible","susceptible","non-susceptible","susceptible","susceptible","non-susceptible","susceptible","susceptible","susceptible","susceptible","non-susceptible","non-susceptible","non-susceptible","susceptible","susceptible","susceptible","susceptible","susceptible","non-susceptible","susceptible","susceptible","non-susceptible","non-susceptible","non-susceptible","susceptible","susceptible","susceptible","non-susceptible","susceptible","non-susceptible","susceptible","susceptible","non-susceptible","susceptible","non-susceptible","susceptible","non-susceptible"
"63","non-susceptible","susceptible","non-susceptible","non-susceptible","susceptible","non-susceptible","susceptible","non-susceptible","susceptible","susceptible","non-susceptible","susceptible","susceptible","susceptible","susceptible","susceptible","susceptible","susceptible","susceptible","susceptible","non-susceptible","susceptible","susceptible","non-susceptible","susceptible","susceptible","susceptible","susceptible","non-susceptible","susceptible","susceptible","susceptible","susceptible","non-susceptible","susceptible","non-susceptible","non-susceptible","non-susceptible","susceptible","susceptible","non-susceptible","susceptible","non-susceptible","susceptible","susceptible","susceptible","non-susceptible","non-susceptible","non-susceptible","susceptible","susceptible","non-susceptible","non-susceptible","susceptible","non-susceptible","susceptible","non-susceptible","susceptible","non-susceptible","susceptible","non-susceptible","susceptible","non-susceptible","non-susceptible","non-susceptible","non-susceptible","susceptible","non-susceptible","susceptible","non-susceptible","non-susceptible","non-susceptible","non-susceptible","non-susceptible","non-susceptible","non-susceptible","susceptible","susceptible","susceptible","susceptible","non-susceptible","susceptible","non-susceptible","susceptible","non-susceptible","non-susceptible","non-susceptible","non-susceptible","non-susceptible","susceptible","susceptible","non-susceptible","susceptible","susceptible","susceptible","susceptible","susceptible","susceptible","non-susceptible","non-susceptible","non-susceptible","susceptible","susceptible","non-susceptible"
"64","susceptible","non-susceptible","non-susceptible","non-susceptible","non-susceptible","non-susceptible","susceptible","non-susceptible","non-susceptible","non-susceptible","non-susceptible","susceptible","non-susceptible","susceptible","non-susceptible","non-susceptible","susceptible","susceptible","non-susceptible","susceptible","non-susceptible","susceptible","susceptible","susceptible","non-susceptible","susceptible","susceptible","susceptible","non-susceptible","susceptible","susceptible","non-susceptible","susceptible","non-susceptible","non-susceptible","susceptible","non-susceptible","susceptible","non-susceptible","susceptible","susceptible","non-susceptible","susceptible","non-susceptible","non-susceptible","non-susceptible","non-susceptible","susceptible","susceptible","susceptible","non-susceptible","non-susceptible","susceptible","non-susceptible","non-susceptible","non-susceptible","non-susceptible","susceptible","susceptible","susceptible","susceptible","susceptible","non-susceptible","non-susceptible","susceptible","susceptible","non-susceptible","non-susceptible","susceptible","non-susceptible","non-susceptible","non-susceptible","susceptible","non-susceptible","susceptible","non-susceptible","non-susceptible","non-susceptible","susceptible","susceptible","susceptible","non-susceptible","susceptible","non-susceptible","non-susceptible","non-susceptible","susceptible","non-susceptible","non-susceptible","non-susceptible","susceptible","non-susceptible","susceptible","susceptible","non-susceptible","susceptible","susceptible","non-susceptible","susceptible","susceptible","susceptible","non-susceptible","non-susceptible","susceptible"
"65","non-susceptible","non-susceptible","non-susceptible","susceptible","non-susceptible","susceptible","susceptible","susceptible","non-susceptible","non-susceptible","susceptible","susceptible","susceptible","non-susceptible","susceptible","non-susceptible","non-susceptible","susceptible","susceptible","non-susceptible","susceptible","susceptible","susceptible","susceptible","susceptible","non-susceptible","susceptible","susceptible","non-susceptible","non-susceptible","susceptible","susceptible","non-susceptible","non-susceptible","non-susceptible","non-susceptible","susceptible","non-susceptible","susceptible","susceptible","susceptible","susceptible","non-susceptible","non-susceptible","non-susceptible","susceptible","susceptible","susceptible","susceptible","susceptible","susceptible","susceptible","susceptible","susceptible","non-susceptible","susceptible","susceptible","susceptible","susceptible","non-susceptible","non-susceptible","non-susceptible","susceptible","non-susceptible","susceptible","non-susceptible","susceptible","susceptible","non-susceptible","susceptible","non-susceptible","susceptible","non-susceptible","susceptible","non-susceptible","susceptible","susceptible","susceptible","non-susceptible","non-susceptible","susceptible","susceptible","non-susceptible","susceptible","non-susceptible","susceptible","non-susceptible","non-susceptible","susceptible","non-susceptible","susceptible","susceptible","non-susceptible","non-susceptible","non-susceptible","non-susceptible","susceptible","susceptible","non-susceptible","susceptible","susceptible","susceptible","susceptible","susceptible"
"66","susceptible","susceptible","susceptible","susceptible","non-susceptible","non-susceptible","susceptible","non-susceptible","non-susceptible","susceptible","non-susceptible","susceptible","susceptible","non-susceptible","susceptible","susceptible","non-susceptible","non-susceptible","susceptible","non-susceptible","non-susceptible","non-susceptible","susceptible","susceptible","non-susceptible","non-susceptible","non-susceptible","non-susceptible","susceptible","susceptible","susceptible","susceptible","non-susceptible","susceptible","susceptible","susceptible","susceptible","susceptible","susceptible","non-susceptible","susceptible","non-susceptible","susceptible","non-susceptible","non-susceptible","susceptible","susceptible","susceptible","susceptible","susceptible","non-susceptible","non-susceptible","susceptible","susceptible","susceptible","non-susceptible","non-susceptible","non-susceptible","susceptible","non-susceptible","non-susceptible","non-susceptible","susceptible","non-susceptible","susceptible","non-susceptible","susceptible","susceptible","susceptible","susceptible","susceptible","non-susceptible","non-susceptible","non-susceptible","susceptible","non-susceptible","susceptible","susceptible","non-susceptible","susceptible","non-susceptible","susceptible","non-susceptible","non-susceptible","susceptible","non-susceptible","non-susceptible","susceptible","susceptible","non-susceptible","non-susceptible","susceptible","non-susceptible","non-susceptible","susceptible","non-susceptible","susceptible","susceptible","non-susceptible","susceptible","susceptible","non-susceptible","susceptible","susceptible"
"67","susceptible","susceptible","non-susceptible","non-susceptible","non-susceptible","susceptible","susceptible","susceptible","susceptible","susceptible","susceptible","susceptible","non-susceptible","susceptible","susceptible","non-susceptible","non-susceptible","susceptible","susceptible","susceptible","non-susceptible","susceptible","non-susceptible","susceptible","non-susceptible","susceptible","non-susceptible","non-susceptible","susceptible","susceptible","susceptible","non-susceptible","non-susceptible","non-susceptible","non-susceptible","susceptible","susceptible","non-susceptible","non-susceptible","non-susceptible","susceptible","susceptible","susceptible","susceptible","non-susceptible","susceptible","non-susceptible","non-susceptible","susceptible","susceptible","non-susceptible","non-susceptible","susceptible","susceptible","non-susceptible","non-susceptible","susceptible","susceptible","susceptible","susceptible","non-susceptible","non-susceptible","susceptible","susceptible","susceptible","non-susceptible","susceptible","non-susceptible","susceptible","non-susceptible","susceptible","susceptible","non-susceptible","susceptible","susceptible","susceptible","susceptible","susceptible","non-susceptible","non-susceptible","non-susceptible","non-susceptible","non-susceptible","susceptible","susceptible","susceptible","susceptible","non-susceptible","non-susceptible","susceptible","susceptible","non-susceptible","non-susceptible","susceptible","susceptible","non-susceptible","susceptible","non-susceptible","susceptible","susceptible","susceptible","susceptible","susceptible","susceptible"
"68","non-susceptible","non-susceptible","susceptible","susceptible","non-susceptible","non-susceptible","non-susceptible","susceptible","susceptible","susceptible","non-susceptible","non-susceptible","non-susceptible","susceptible","susceptible","susceptible","non-susceptible","non-susceptible","susceptible","susceptible","susceptible","non-susceptible","non-susceptible","susceptible","non-susceptible","susceptible","non-susceptible","non-susceptible","non-susceptible","non-susceptible","non-susceptible","susceptible","susceptible","susceptible","non-susceptible","susceptible","non-susceptible","susceptible","susceptible","susceptible","non-susceptible","susceptible","susceptible","susceptible","susceptible","susceptible","non-susceptible","susceptible","susceptible","non-susceptible","non-susceptible","non-susceptible","susceptible","susceptible","non-susceptible","susceptible","non-susceptible","susceptible","non-susceptible","non-susceptible","non-susceptible","non-susceptible","susceptible","non-susceptible","non-susceptible","non-susceptible","susceptible","susceptible","susceptible","non-susceptible","susceptible","susceptible","non-susceptible","non-susceptible","susceptible","susceptible","non-susceptible","susceptible","susceptible","susceptible","susceptible","susceptible","susceptible","non-susceptible","susceptible","susceptible","susceptible","non-susceptible","non-susceptible","susceptible","non-susceptible","susceptible","susceptible","non-susceptible","susceptible","non-susceptible","susceptible","susceptible","non-susceptible","susceptible","non-susceptible","non-susceptible","non-susceptible","non-susceptible"
"69","non-susceptible","non-susceptible","susceptible","non-susceptible","non-susceptible","non-susceptible","susceptible","susceptible","susceptible","susceptible","non-susceptible","susceptible","non-susceptible","non-susceptible","susceptible","non-susceptible","non-susceptible","non-susceptible","non-susceptible","susceptible","susceptible","non-susceptible","non-susceptible","non-susceptible","non-susceptible","susceptible","susceptible","non-susceptible","non-susceptible","susceptible","non-susceptible","susceptible","non-susceptible","susceptible","non-susceptible","non-susceptible","susceptible","non-susceptible","susceptible","susceptible","non-susceptible","non-susceptible","susceptible","susceptible","susceptible","susceptible","non-susceptible","susceptible","susceptible","susceptible","susceptible","susceptible","non-susceptible","susceptible","non-susceptible","non-susceptible","susceptible","non-susceptible","non-susceptible","susceptible","non-susceptible","non-susceptible","susceptible","non-susceptible","non-susceptible","non-susceptible","non-susceptible","susceptible","non-susceptible","non-susceptible","susceptible","susceptible","susceptible","non-susceptible","non-susceptible","non-susceptible","non-susceptible","non-susceptible","susceptible","susceptible","susceptible","non-susceptible","susceptible","non-susceptible","non-susceptible","susceptible","non-susceptible","susceptible","susceptible","non-susceptible","non-susceptible","susceptible","non-susceptible","susceptible","non-susceptible","non-susceptible","susceptible","susceptible","non-susceptible","non-susceptible","non-susceptible","non-susceptible","susceptible","non-susceptible"
"70","non-susceptible","susceptible","non-susceptible","non-susceptible","susceptible","non-susceptible","non-susceptible","non-susceptible","susceptible","susceptible","susceptible","susceptible","susceptible","non-susceptible","susceptible","non-susceptible","susceptible","non-susceptible","susceptible","susceptible","non-susceptible","non-susceptible","susceptible","susceptible","susceptible","non-susceptible","susceptible","susceptible","susceptible","susceptible","non-susceptible","non-susceptible","non-susceptible","non-susceptible","non-susceptible","susceptible","non-susceptible","non-susceptible","non-susceptible","non-susceptible","non-susceptible","susceptible","non-susceptible","susceptible","susceptible","susceptible","susceptible","susceptible","non-susceptible","non-susceptible","non-susceptible","susceptible","susceptible","non-susceptible","non-susceptible","non-susceptible","non-susceptible","susceptible","susceptible","non-susceptible","non-susceptible","non-susceptible","non-susceptible","susceptible","susceptible","non-susceptible","non-susceptible","non-susceptible","susceptible","susceptible","susceptible","susceptible","susceptible","non-susceptible","non-susceptible","non-susceptible","susceptible","non-susceptible","susceptible","non-susceptible","non-susceptible","non-susceptible","susceptible","non-susceptible","non-susceptible","non-susceptible","non-susceptible","susceptible","susceptible","susceptible","susceptible","non-susceptible","non-susceptible","non-susceptible","susceptible","susceptible","non-susceptible","susceptible","susceptible","susceptible","susceptible","non-susceptible","susceptible","susceptible"
"71","susceptible","non-susceptible","susceptible","susceptible","non-susceptible","non-susceptible","susceptible","non-susceptible","susceptible","non-susceptible","susceptible","susceptible","non-susceptible","susceptible","susceptible","non-susceptible","non-susceptible","non-susceptible","susceptible","susceptible","susceptible","susceptible","non-susceptible","susceptible","non-susceptible","susceptible","susceptible","susceptible","susceptible","non-susceptible","non-susceptible","non-susceptible","non-susceptible","susceptible","susceptible","non-susceptible","susceptible","susceptible","susceptible","susceptible","non-susceptible","susceptible","non-susceptible","susceptible","susceptible","susceptible","non-susceptible","susceptible","susceptible","non-susceptible","non-susceptible","non-susceptible","non-susceptible","non-susceptible","non-susceptible","non-susceptible","non-susceptible","non-susceptible","non-susceptible","non-susceptible","non-susceptible","non-susceptible","susceptible","non-susceptible","non-susceptible","non-susceptible","non-susceptible","non-susceptible","non-susceptible","susceptible","susceptible","susceptible","susceptible","susceptible","non-susceptible","non-susceptible","susceptible","susceptible","non-susceptible","susceptible","susceptible","non-susceptible","non-susceptible","non-susceptible","non-susceptible","non-susceptible","susceptible","non-susceptible","susceptible","non-susceptible","susceptible","susceptible","susceptible","non-susceptible","susceptible","non-susceptible","non-susceptible","non-susceptible","susceptible","susceptible","non-susceptible","susceptible","non-susceptible","non-susceptible"
"72","susceptible","susceptible","non-susceptible","susceptible","susceptible","susceptible","non-susceptible","susceptible","non-susceptible","non-susceptible","susceptible","non-susceptible","susceptible","susceptible","susceptible","susceptible","non-susceptible","susceptible","non-susceptible","susceptible","non-susceptible","non-susceptible","non-susceptible","susceptible","non-susceptible","non-susceptible","non-susceptible","susceptible","non-susceptible","non-susceptible","non-susceptible","susceptible","susceptible","non-susceptible","susceptible","susceptible","susceptible","susceptible","susceptible","susceptible","susceptible","susceptible","non-susceptible","susceptible","non-susceptible","susceptible","susceptible","non-susceptible","non-susceptible","susceptible","non-susceptible","susceptible","susceptible","non-susceptible","non-susceptible","susceptible","non-susceptible","susceptible","susceptible","susceptible","susceptible","susceptible","susceptible","susceptible","non-susceptible","non-susceptible","susceptible","susceptible","susceptible","non-susceptible","non-susceptible","non-susceptible","non-susceptible","susceptible","susceptible","susceptible","non-susceptible","non-susceptible","non-susceptible","non-susceptible","susceptible","susceptible","susceptible","non-susceptible","susceptible","non-susceptible","susceptible","susceptible","non-susceptible","non-susceptible","susceptible","susceptible","susceptible","susceptible","susceptible","susceptible","non-susceptible","susceptible","non-susceptible","susceptible","susceptible","non-susceptible","susceptible","non-susceptible"
"73","susceptible","susceptible","non-susceptible","non-susceptible","susceptible","susceptible","susceptible","susceptible","non-susceptible","non-susceptible","non-susceptible","susceptible","non-susceptible","non-susceptible","non-susceptible","susceptible","non-susceptible","susceptible","susceptible","non-susceptible","susceptible","non-susceptible","susceptible","susceptible","non-susceptible","non-susceptible","non-susceptible","non-susceptible","non-susceptible","non-susceptible","non-susceptible","non-susceptible","non-susceptible","susceptible","non-susceptible","susceptible","susceptible","non-susceptible","non-susceptible","susceptible","susceptible","susceptible","non-susceptible","susceptible","susceptible","susceptible","susceptible","susceptible","susceptible","susceptible","susceptible","non-susceptible","susceptible","non-susceptible","non-susceptible","non-susceptible","susceptible","susceptible","susceptible","non-susceptible","non-susceptible","susceptible","susceptible","susceptible","susceptible","susceptible","non-susceptible","non-susceptible","susceptible","non-susceptible","non-susceptible","non-susceptible","susceptible","non-susceptible","non-susceptible","susceptible","non-susceptible","non-susceptible","susceptible","susceptible","susceptible","non-susceptible","susceptible","susceptible","susceptible","susceptible","non-susceptible","non-susceptible","non-susceptible","non-susceptible","susceptible","susceptible","non-susceptible","non-susceptible","susceptible","non-susceptible","susceptible","non-susceptible","susceptible","non-susceptible","susceptible","susceptible","non-susceptible","non-susceptible"
"74","non-susceptible","non-susceptible","susceptible","susceptible","non-susceptible","non-susceptible","non-susceptible","susceptible","susceptible","non-susceptible","non-susceptible","non-susceptible","non-susceptible","susceptible","susceptible","susceptible","susceptible","susceptible","non-susceptible","susceptible","susceptible","non-susceptible","non-susceptible","non-susceptible","non-susceptible","susceptible","susceptible","susceptible","non-susceptible","susceptible","non-susceptible","non-susceptible","non-susceptible","susceptible","non-susceptible","non-susceptible","non-susceptible","susceptible","non-susceptible","non-susceptible","non-susceptible","susceptible","susceptible","susceptible","non-susceptible","non-susceptible","non-susceptible","susceptible","susceptible","non-susceptible","non-susceptible","non-susceptible","non-susceptible","susceptible","susceptible","susceptible","non-susceptible","non-susceptible","susceptible","susceptible","non-susceptible","non-susceptible","susceptible","susceptible","non-susceptible","susceptible","non-susceptible","susceptible","susceptible","non-susceptible","susceptible","susceptible","susceptible","non-susceptible","non-susceptible","susceptible","susceptible","susceptible","non-susceptible","non-susceptible","susceptible","non-susceptible","non-susceptible","susceptible","susceptible","susceptible","non-susceptible","non-susceptible","susceptible","susceptible","susceptible","susceptible","non-susceptible","susceptible","non-susceptible","susceptible","non-susceptible","susceptible","susceptible","susceptible","susceptible","susceptible","susceptible","susceptible"
"75","non-susceptible","susceptible","non-susceptible","susceptible","susceptible","non-susceptible","non-susceptible","non-susceptible","susceptible","susceptible","non-susceptible","susceptible","susceptible","susceptible","non-susceptible","non-susceptible","non-susceptible","susceptible","susceptible","susceptible","non-susceptible","non-susceptible","non-susceptible","non-susceptible","non-susceptible","susceptible","non-susceptible","susceptible","susceptible","susceptible","susceptible","susceptible","non-susceptible","susceptible","non-susceptible","susceptible","susceptible","non-susceptible","susceptible","susceptible","non-susceptible","non-susceptible","susceptible","non-susceptible","non-susceptible","susceptible","susceptible","non-susceptible","susceptible","non-susceptible","susceptible","susceptible","susceptible","susceptible","non-susceptible","susceptible","non-susceptible","susceptible","non-susceptible","non-susceptible","susceptible","non-susceptible","non-susceptible","non-susceptible","non-susceptible","susceptible","non-susceptible","non-susceptible","susceptible","non-susceptible","susceptible","susceptible","susceptible","non-susceptible","susceptible","non-susceptible","susceptible","non-susceptible","susceptible","non-susceptible","susceptible","susceptible","susceptible","non-susceptible","susceptible","susceptible","non-susceptible","non-susceptible","susceptible","susceptible","susceptible","susceptible","non-susceptible","susceptible","susceptible","non-susceptible","susceptible","non-susceptible","non-susceptible","susceptible","susceptible","susceptible","non-susceptible","non-susceptible"
"76","non-susceptible","susceptible","non-susceptible","non-susceptible","susceptible","susceptible","non-susceptible","non-susceptible","susceptible","susceptible","susceptible","non-susceptible","non-susceptible","susceptible","non-susceptible","susceptible","non-susceptible","susceptible","susceptible","non-susceptible","susceptible","non-susceptible","susceptible","susceptible","susceptible","susceptible","non-susceptible","non-susceptible","non-susceptible","non-susceptible","non-susceptible","susceptible","non-susceptible","susceptible","susceptible","susceptible","non-susceptible","susceptible","non-susceptible","non-susceptible","non-susceptible","non-susceptible","susceptible","susceptible","susceptible","non-susceptible","susceptible","non-susceptible","non-susceptible","susceptible","non-susceptible","non-susceptible","susceptible","susceptible","non-susceptible","susceptible","susceptible","susceptible","non-susceptible","susceptible","non-susceptible","non-susceptible","non-susceptible","susceptible","non-susceptible","susceptible","susceptible","susceptible","susceptible","non-susceptible","non-susceptible","susceptible","non-susceptible","susceptible","susceptible","susceptible","non-susceptible","susceptible","susceptible","susceptible","susceptible","susceptible","susceptible","non-susceptible","non-susceptible","non-susceptible","non-susceptible","non-susceptible","susceptible","susceptible","non-susceptible","non-susceptible","non-susceptible","non-susceptible","non-susceptible","susceptible","non-susceptible","non-susceptible","non-susceptible","non-susceptible","non-susceptible","non-susceptible","susceptible","non-susceptible"
"77","non-susceptible","susceptible","non-susceptible","non-susceptible","susceptible","susceptible","non-susceptible","susceptible","susceptible","non-susceptible","susceptible","susceptible","susceptible","susceptible","susceptible","non-susceptible","non-susceptible","susceptible","non-susceptible","non-susceptible","non-susceptible","non-susceptible","non-susceptible","non-susceptible","susceptible","non-susceptible","susceptible","susceptible","susceptible","susceptible","non-susceptible","non-susceptible","non-susceptible","non-susceptible","non-susceptible","non-susceptible","susceptible","susceptible","susceptible","susceptible","susceptible","non-susceptible","non-susceptible","susceptible","non-susceptible","susceptible","susceptible","non-susceptible","non-susceptible","non-susceptible","non-susceptible","susceptible","susceptible","susceptible","non-susceptible","susceptible","susceptible","susceptible","non-susceptible","susceptible","susceptible","susceptible","susceptible","susceptible","susceptible","susceptible","non-susceptible","susceptible","susceptible","susceptible","non-susceptible","susceptible","non-susceptible","susceptible","susceptible","non-susceptible","susceptible","non-susceptible","susceptible","susceptible","non-susceptible","susceptible","non-susceptible","non-susceptible","non-susceptible","non-susceptible","non-susceptible","non-susceptible","non-susceptible","susceptible","susceptible","non-susceptible","non-susceptible","non-susceptible","susceptible","non-susceptible","susceptible","susceptible","susceptible","non-susceptible","non-susceptible","non-susceptible","non-susceptible","susceptible"
"78","non-susceptible","susceptible","susceptible","susceptible","susceptible","non-susceptible","susceptible","non-susceptible","non-susceptible","susceptible","non-susceptible","susceptible","susceptible","non-susceptible","susceptible","susceptible","non-susceptible","susceptible","non-susceptible","susceptible","susceptible","non-susceptible","susceptible","susceptible","susceptible","non-susceptible","susceptible","non-susceptible","susceptible","susceptible","susceptible","susceptible","susceptible","susceptible","non-susceptible","susceptible","non-susceptible","non-susceptible","non-susceptible","non-susceptible","non-susceptible","non-susceptible","susceptible","non-susceptible","susceptible","susceptible","non-susceptible","non-susceptible","non-susceptible","non-susceptible","susceptible","non-susceptible","non-susceptible","non-susceptible","susceptible","susceptible","non-susceptible","non-susceptible","susceptible","susceptible","non-susceptible","susceptible","susceptible","susceptible","susceptible","susceptible","susceptible","non-susceptible","susceptible","susceptible","susceptible","susceptible","non-susceptible","non-susceptible","non-susceptible","susceptible","susceptible","non-susceptible","non-susceptible","susceptible","susceptible","non-susceptible","susceptible","non-susceptible","susceptible","susceptible","susceptible","susceptible","susceptible","susceptible","susceptible","susceptible","non-susceptible","susceptible","non-susceptible","non-susceptible","non-susceptible","non-susceptible","susceptible","susceptible","susceptible","susceptible","non-susceptible","non-susceptible"
"79","susceptible","non-susceptible","non-susceptible","non-susceptible","non-susceptible","non-susceptible","non-susceptible","non-susceptible","non-susceptible","non-susceptible","non-susceptible","susceptible","susceptible","susceptible","susceptible","non-susceptible","susceptible","susceptible","non-susceptible","non-susceptible","non-susceptible","susceptible","non-susceptible","susceptible","susceptible","susceptible","susceptible","non-susceptible","susceptible","susceptible","non-susceptible","susceptible","susceptible","susceptible","susceptible","susceptible","non-susceptible","susceptible","non-susceptible","susceptible","susceptible","susceptible","non-susceptible","susceptible","susceptible","non-susceptible","non-susceptible","susceptible","susceptible","non-susceptible","susceptible","susceptible","non-susceptible","non-susceptible","non-susceptible","non-susceptible","non-susceptible","non-susceptible","non-susceptible","non-susceptible","non-susceptible","susceptible","susceptible","non-susceptible","non-susceptible","susceptible","susceptible","non-susceptible","non-susceptible","susceptible","susceptible","susceptible","non-susceptible","non-susceptible","non-susceptible","susceptible","non-susceptible","susceptible","non-susceptible","susceptible","susceptible","non-susceptible","susceptible","susceptible","susceptible","non-susceptible","non-susceptible","susceptible","susceptible","non-susceptible","susceptible","non-susceptible","non-susceptible","non-susceptible","non-susceptible","non-susceptible","susceptible","non-susceptible","susceptible","susceptible","non-susceptible","non-susceptible","non-susceptible","non-susceptible"
"80","susceptible","non-susceptible","susceptible","non-susceptible","non-susceptible","non-susceptible","susceptible","non-susceptible","susceptible","non-susceptible","susceptible","susceptible","non-susceptible","non-susceptible","susceptible","susceptible","non-susceptible","susceptible","susceptible","non-susceptible","non-susceptible","non-susceptible","non-susceptible","non-susceptible","susceptible","non-susceptible","susceptible","non-susceptible","susceptible","non-susceptible","susceptible","non-susceptible","susceptible","non-susceptible","susceptible","non-susceptible","susceptible","susceptible","non-susceptible","non-susceptible","non-susceptible","non-susceptible","susceptible","non-susceptible","susceptible","non-susceptible","non-susceptible","non-susceptible","non-susceptible","non-susceptible","non-susceptible","non-susceptible","non-susceptible","susceptible","non-susceptible","non-susceptible","susceptible","non-susceptible","susceptible","non-susceptible","non-susceptible","non-susceptible","susceptible","non-susceptible","susceptible","non-susceptible","non-susceptible","susceptible","susceptible","susceptible","susceptible","susceptible","non-susceptible","non-susceptible","non-susceptible","non-susceptible","susceptible","non-susceptible","susceptible","non-susceptible","susceptible","susceptible","non-susceptible","susceptible","non-susceptible","non-susceptible","susceptible","non-susceptible","susceptible","non-susceptible","non-susceptible","non-susceptible","non-susceptible","non-susceptible","susceptible","susceptible","non-susceptible","susceptible","non-susceptible","non-susceptible","susceptible","non-susceptible","susceptible","non-susceptible"
"81","non-susceptible","susceptible","non-susceptible","susceptible","susceptible","susceptible","susceptible","susceptible","non-susceptible","non-susceptible","non-susceptible","non-susceptible","susceptible","non-susceptible","susceptible","non-susceptible","non-susceptible","susceptible","non-susceptible","non-susceptible","susceptible","non-susceptible","susceptible","susceptible","non-susceptible","non-susceptible","susceptible","non-susceptible","susceptible","non-susceptible","susceptible","susceptible","non-susceptible","susceptible","non-susceptible","non-susceptible","non-susceptible","non-susceptible","susceptible","susceptible","non-susceptible","non-susceptible","non-susceptible","susceptible","non-susceptible","susceptible","susceptible","susceptible","susceptible","non-susceptible","non-susceptible","susceptible","non-susceptible","non-susceptible","non-susceptible","susceptible","susceptible","non-susceptible","susceptible","non-susceptible","susceptible","susceptible","non-susceptible","susceptible","non-susceptible","susceptible","susceptible","susceptible","susceptible","non-susceptible","susceptible","non-susceptible","non-susceptible","susceptible","susceptible","susceptible","non-susceptible","non-susceptible","non-susceptible","susceptible","non-susceptible","non-susceptible","susceptible","susceptible","non-susceptible","non-susceptible","non-susceptible","susceptible","non-susceptible","non-susceptible","susceptible","susceptible","susceptible","susceptible","susceptible","non-susceptible","non-susceptible","susceptible","susceptible","non-susceptible","non-susceptible","non-susceptible","non-susceptible","susceptible"
"82","susceptible","susceptible","susceptible","non-susceptible","non-susceptible","susceptible","susceptible","non-susceptible","susceptible","non-susceptible","non-susceptible","non-susceptible","non-susceptible","non-susceptible","susceptible","susceptible","susceptible","non-susceptible","non-susceptible","non-susceptible","susceptible","non-susceptible","susceptible","non-susceptible","non-susceptible","non-susceptible","non-susceptible","susceptible","non-susceptible","susceptible","susceptible","susceptible","susceptible","non-susceptible","susceptible","susceptible","non-susceptible","susceptible","susceptible","non-susceptible","susceptible","non-susceptible","non-susceptible","susceptible","non-susceptible","susceptible","susceptible","non-susceptible","non-susceptible","susceptible","susceptible","non-susceptible","non-susceptible","susceptible","non-susceptible","susceptible","susceptible","susceptible","non-susceptible","susceptible","non-susceptible","non-susceptible","susceptible","susceptible","non-susceptible","susceptible","non-susceptible","susceptible","susceptible","non-susceptible","non-susceptible","non-susceptible","non-susceptible","non-susceptible","non-susceptible","non-susceptible","non-susceptible","susceptible","susceptible","susceptible","non-susceptible","non-susceptible","non-susceptible","susceptible","susceptible","susceptible","susceptible","susceptible","non-susceptible","non-susceptible","non-susceptible","susceptible","susceptible","susceptible","susceptible","susceptible","susceptible","non-susceptible","susceptible","susceptible","susceptible","susceptible","non-susceptible","non-susceptible"
"83","susceptible","non-susceptible","susceptible","susceptible","susceptible","susceptible","susceptible","non-susceptible","susceptible","non-susceptible","non-susceptible","non-susceptible","susceptible","non-susceptible","susceptible","non-susceptible","non-susceptible","non-susceptible","susceptible","susceptible","susceptible","susceptible","susceptible","susceptible","non-susceptible","non-susceptible","non-susceptible","susceptible","non-susceptible","non-susceptible","susceptible","non-susceptible","susceptible","susceptible","susceptible","non-susceptible","susceptible","susceptible","susceptible","susceptible","non-susceptible","susceptible","non-susceptible","non-susceptible","susceptible","non-susceptible","susceptible","non-susceptible","susceptible","susceptible","non-susceptible","susceptible","non-susceptible","non-susceptible","non-susceptible","susceptible","non-susceptible","susceptible","susceptible","susceptible","non-susceptible","non-susceptible","susceptible","susceptible","susceptible","susceptible","susceptible","susceptible","susceptible","susceptible","non-susceptible","susceptible","susceptible","susceptible","susceptible","non-susceptible","non-susceptible","non-susceptible","susceptible","non-susceptible","susceptible","non-susceptible","non-susceptible","susceptible","susceptible","non-susceptible","susceptible","susceptible","non-susceptible","non-susceptible","non-susceptible","non-susceptible","non-susceptible","susceptible","susceptible","susceptible","non-susceptible","susceptible","non-susceptible","non-susceptible","non-susceptible","susceptible","susceptible","non-susceptible"
"84","susceptible","non-susceptible","susceptible","susceptible","non-susceptible","non-susceptible","susceptible","non-susceptible","non-susceptible","susceptible","susceptible","non-susceptible","susceptible","non-susceptible","non-susceptible","susceptible","non-susceptible","non-susceptible","susceptible","non-susceptible","non-susceptible","non-susceptible","susceptible","susceptible","susceptible","non-susceptible","non-susceptible","susceptible","susceptible","susceptible","susceptible","non-susceptible","non-susceptible","susceptible","non-susceptible","susceptible","non-susceptible","susceptible","susceptible","susceptible","non-susceptible","non-susceptible","non-susceptible","susceptible","non-susceptible","non-susceptible","non-susceptible","susceptible","non-susceptible","susceptible","susceptible","non-susceptible","susceptible","susceptible","non-susceptible","susceptible","non-susceptible","susceptible","susceptible","non-susceptible","non-susceptible","non-susceptible","non-susceptible","non-susceptible","susceptible","susceptible","non-susceptible","susceptible","susceptible","susceptible","susceptible","non-susceptible","non-susceptible","non-susceptible","susceptible","susceptible","susceptible","susceptible","non-susceptible","non-susceptible","non-susceptible","susceptible","susceptible","susceptible","non-susceptible","susceptible","non-susceptible","non-susceptible","non-susceptible","non-susceptible","non-susceptible","non-susceptible","susceptible","non-susceptible","susceptible","susceptible","susceptible","susceptible","susceptible","non-susceptible","non-susceptible","non-susceptible","susceptible","non-susceptible"
"85","susceptible","susceptible","susceptible","non-susceptible","susceptible","susceptible","non-susceptible","non-susceptible","susceptible","non-susceptible","non-susceptible","susceptible","non-susceptible","susceptible","non-susceptible","non-susceptible","susceptible","susceptible","non-susceptible","non-susceptible","non-susceptible","non-susceptible","non-susceptible","susceptible","susceptible","non-susceptible","non-susceptible","non-susceptible","non-susceptible","non-susceptible","susceptible","susceptible","non-susceptible","non-susceptible","non-susceptible","non-susceptible","susceptible","susceptible","susceptible","non-susceptible","susceptible","non-susceptible","susceptible","susceptible","susceptible","non-susceptible","susceptible","susceptible","susceptible","non-susceptible","non-susceptible","non-susceptible","susceptible","susceptible","susceptible","non-susceptible","susceptible","susceptible","non-susceptible","susceptible","susceptible","susceptible","susceptible","susceptible","susceptible","susceptible","non-susceptible","non-susceptible","susceptible","non-susceptible","non-susceptible","susceptible","susceptible","susceptible","susceptible","non-susceptible","non-susceptible","non-susceptible","non-susceptible","non-susceptible","non-susceptible","non-susceptible","non-susceptible","susceptible","susceptible","susceptible","non-susceptible","susceptible","susceptible","susceptible","non-susceptible","susceptible","non-susceptible","susceptible","non-susceptible","non-susceptible","susceptible","non-susceptible","susceptible","non-susceptible","non-susceptible","non-susceptible","susceptible","non-susceptible"
"86","non-susceptible","susceptible","non-susceptible","susceptible","non-susceptible","non-susceptible","non-susceptible","susceptible","susceptible","susceptible","non-susceptible","non-susceptible","non-susceptible","non-susceptible","susceptible","susceptible","susceptible","susceptible","susceptible","susceptible","susceptible","non-susceptible","susceptible","susceptible","susceptible","susceptible","susceptible","non-susceptible","susceptible","susceptible","susceptible","non-susceptible","non-susceptible","non-susceptible","non-susceptible","non-susceptible","susceptible","susceptible","susceptible","susceptible","non-susceptible","non-susceptible","non-susceptible","susceptible","susceptible","susceptible","non-susceptible","non-susceptible","susceptible","non-susceptible","susceptible","susceptible","non-susceptible","non-susceptible","non-susceptible","non-susceptible","susceptible","non-susceptible","non-susceptible","susceptible","non-susceptible","non-susceptible","susceptible","susceptible","non-susceptible","susceptible","susceptible","non-susceptible","susceptible","non-susceptible","non-susceptible","non-susceptible","non-susceptible","non-susceptible","susceptible","non-susceptible","susceptible","non-susceptible","susceptible","non-susceptible","susceptible","non-susceptible","non-susceptible","susceptible","susceptible","susceptible","non-susceptible","non-susceptible","non-susceptible","non-susceptible","susceptible","non-susceptible","non-susceptible","non-susceptible","susceptible","non-susceptible","non-susceptible","non-susceptible","non-susceptible","non-susceptible","non-susceptible","susceptible","susceptible","susceptible"
"87","non-susceptible","susceptible","susceptible","susceptible","non-susceptible","susceptible","susceptible","non-susceptible","susceptible","susceptible","susceptible","non-susceptible","susceptible","susceptible","susceptible","susceptible","non-susceptible","susceptible","susceptible","non-susceptible","non-susceptible","susceptible","non-susceptible","susceptible","susceptible","non-susceptible","susceptible","non-susceptible","susceptible","non-susceptible","susceptible","susceptible","non-susceptible","non-susceptible","susceptible","non-susceptible","non-susceptible","non-susceptible","susceptible","susceptible","susceptible","susceptible","non-susceptible","non-susceptible","non-susceptible","susceptible","susceptible","susceptible","susceptible","non-susceptible","non-susceptible","susceptible","susceptible","non-susceptible","non-susceptible","non-susceptible","susceptible","susceptible","susceptible","susceptible","susceptible","non-susceptible","susceptible","susceptible","susceptible","susceptible","non-susceptible","non-susceptible","susceptible","susceptible","non-susceptible","non-susceptible","non-susceptible","non-susceptible","susceptible","non-susceptible","non-susceptible","susceptible","susceptible","susceptible","susceptible","non-susceptible","susceptible","susceptible","non-susceptible","non-susceptible","non-susceptible","non-susceptible","susceptible","non-susceptible","non-susceptible","susceptible","non-susceptible","non-susceptible","susceptible","non-susceptible","non-susceptible","non-susceptible","non-susceptible","non-susceptible","susceptible","susceptible","susceptible","non-susceptible"
"88","non-susceptible","susceptible","non-susceptible","non-susceptible","non-susceptible","susceptible","non-susceptible","non-susceptible","non-susceptible","non-susceptible","non-susceptible","non-susceptible","non-susceptible","susceptible","susceptible","non-susceptible","non-susceptible","susceptible","non-susceptible","susceptible","non-susceptible","non-susceptible","non-susceptible","non-susceptible","non-susceptible","susceptible","non-susceptible","non-susceptible","susceptible","non-susceptible","susceptible","non-susceptible","susceptible","non-susceptible","non-susceptible","non-susceptible","susceptible","non-susceptible","susceptible","non-susceptible","non-susceptible","susceptible","non-susceptible","susceptible","susceptible","non-susceptible","non-susceptible","susceptible","susceptible","non-susceptible","non-susceptible","non-susceptible","susceptible","susceptible","susceptible","non-susceptible","susceptible","susceptible","susceptible","susceptible","susceptible","susceptible","non-susceptible","susceptible","susceptible","non-susceptible","susceptible","susceptible","susceptible","susceptible","non-susceptible","non-susceptible","susceptible","susceptible","susceptible","non-susceptible","non-susceptible","susceptible","susceptible","susceptible","non-susceptible","susceptible","non-susceptible","susceptible","non-susceptible","susceptible","non-susceptible","susceptible","non-susceptible","non-susceptible","non-susceptible","non-susceptible","non-susceptible","susceptible","susceptible","susceptible","susceptible","susceptible","susceptible","susceptible","non-susceptible","non-susceptible","non-susceptible","susceptible"
"89","non-susceptible","non-susceptible","non-susceptible","non-susceptible","non-susceptible","non-susceptible","susceptible","non-susceptible","non-susceptible","susceptible","non-susceptible","non-susceptible","susceptible","susceptible","susceptible","non-susceptible","non-susceptible","susceptible","susceptible","non-susceptible","non-susceptible","susceptible","susceptible","non-susceptible","susceptible","susceptible","susceptible","susceptible","susceptible","non-susceptible","non-susceptible","non-susceptible","non-susceptible","non-susceptible","non-susceptible","non-susceptible","non-susceptible","susceptible","susceptible","susceptible","susceptible","susceptible","susceptible","susceptible","susceptible","susceptible","susceptible","susceptible","susceptible","non-susceptible","non-susceptible","non-susceptible","non-susceptible","susceptible","susceptible","non-susceptible","non-susceptible","non-susceptible","susceptible","non-susceptible","susceptible","non-susceptible","susceptible","susceptible","susceptible","non-susceptible","non-susceptible","non-susceptible","non-susceptible","non-susceptible","non-susceptible","non-susceptible","susceptible","susceptible","non-susceptible","susceptible","susceptible","susceptible","susceptible","non-susceptible","susceptible","non-susceptible","non-susceptible","susceptible","susceptible","non-susceptible","non-susceptible","non-susceptible","susceptible","susceptible","susceptible","susceptible","susceptible","non-susceptible","non-susceptible","non-susceptible","susceptible","non-susceptible","non-susceptible","susceptible","susceptible","susceptible","non-susceptible","susceptible"
"90","susceptible","susceptible","susceptible","non-susceptible","susceptible","non-susceptible","susceptible","susceptible","non-susceptible","susceptible","non-susceptible","non-susceptible","non-susceptible","susceptible","non-susceptible","susceptible","non-susceptible","susceptible","susceptible","susceptible","non-susceptible","non-susceptible","non-susceptible","susceptible","susceptible","susceptible","susceptible","susceptible","non-susceptible","susceptible","susceptible","susceptible","susceptible","non-susceptible","non-susceptible","non-susceptible","non-susceptible","susceptible","susceptible","non-susceptible","non-susceptible","non-susceptible","susceptible","susceptible","susceptible","susceptible","non-susceptible","non-susceptible","susceptible","susceptible","susceptible","susceptible","susceptible","susceptible","susceptible","non-susceptible","susceptible","non-susceptible","susceptible","non-susceptible","non-susceptible","susceptible","non-susceptible","non-susceptible","susceptible","susceptible","non-susceptible","susceptible","non-susceptible","non-susceptible","non-susceptible","susceptible","non-susceptible","non-susceptible","susceptible","non-susceptible","susceptible","susceptible","non-susceptible","susceptible","susceptible","susceptible","non-susceptible","non-susceptible","non-susceptible","non-susceptible","susceptible","susceptible","susceptible","non-susceptible","susceptible","susceptible","non-susceptible","susceptible","susceptible","non-susceptible","non-susceptible","susceptible","susceptible","non-susceptible","non-susceptible","non-susceptible","non-susceptible","susceptible"
"91","susceptible","non-susceptible","susceptible","susceptible","susceptible","susceptible","non-susceptible","susceptible","susceptible","non-susceptible","susceptible","susceptible","non-susceptible","non-susceptible","susceptible","susceptible","non-susceptible","non-susceptible","susceptible","susceptible","susceptible","non-susceptible","non-susceptible","non-susceptible","non-susceptible","non-susceptible","susceptible","non-susceptible","susceptible","susceptible","susceptible","susceptible","susceptible","susceptible","non-susceptible","non-susceptible","non-susceptible","non-susceptible","non-susceptible","susceptible","susceptible","susceptible","susceptible","susceptible","susceptible","susceptible","susceptible","non-susceptible","susceptible","susceptible","non-susceptible","susceptible","non-susceptible","susceptible","non-susceptible","susceptible","non-susceptible","non-susceptible","susceptible","non-susceptible","susceptible","non-susceptible","susceptible","susceptible","non-susceptible","non-susceptible","susceptible","susceptible","non-susceptible","susceptible","non-susceptible","susceptible","susceptible","susceptible","non-susceptible","susceptible","non-susceptible","susceptible","susceptible","susceptible","non-susceptible","susceptible","non-susceptible","non-susceptible","non-susceptible","susceptible","susceptible","non-susceptible","non-susceptible","susceptible","susceptible","non-susceptible","non-susceptible","susceptible","non-susceptible","susceptible","non-susceptible","non-susceptible","non-susceptible","non-susceptible","susceptible","non-susceptible","susceptible","non-susceptible"
"92","susceptible","susceptible","non-susceptible","susceptible","susceptible","susceptible","susceptible","non-susceptible","non-susceptible","susceptible","non-susceptible","susceptible","susceptible","non-susceptible","non-susceptible","non-susceptible","non-susceptible","non-susceptible","non-susceptible","non-susceptible","non-susceptible","susceptible","susceptible","susceptible","susceptible","non-susceptible","non-susceptible","non-susceptible","non-susceptible","non-susceptible","susceptible","non-susceptible","susceptible","non-susceptible","non-susceptible","susceptible","non-susceptible","susceptible","non-susceptible","susceptible","non-susceptible","susceptible","non-susceptible","susceptible","non-susceptible","susceptible","susceptible","susceptible","non-susceptible","susceptible","susceptible","non-susceptible","susceptible","susceptible","non-susceptible","non-susceptible","susceptible","non-susceptible","susceptible","susceptible","non-susceptible","susceptible","susceptible","susceptible","susceptible","susceptible","non-susceptible","susceptible","susceptible","non-susceptible","susceptible","non-susceptible","susceptible","non-susceptible","susceptible","susceptible","non-susceptible","susceptible","susceptible","susceptible","non-susceptible","susceptible","non-susceptible","susceptible","susceptible","susceptible","susceptible","susceptible","susceptible","non-susceptible","non-susceptible","susceptible","non-susceptible","non-susceptible","susceptible","susceptible","susceptible","susceptible","susceptible","non-susceptible","susceptible","susceptible","non-susceptible","susceptible"
"93","non-susceptible","susceptible","susceptible","susceptible","susceptible","non-susceptible","non-susceptible","susceptible","susceptible","non-susceptible","non-susceptible","susceptible","susceptible","susceptible","susceptible","susceptible","susceptible","susceptible","susceptible","susceptible","susceptible","susceptible","susceptible","non-susceptible","susceptible","susceptible","susceptible","non-susceptible","non-susceptible","susceptible","susceptible","susceptible","susceptible","susceptible","non-susceptible","susceptible","susceptible","susceptible","susceptible","susceptible","susceptible","susceptible","non-susceptible","non-susceptible","non-susceptible","susceptible","non-susceptible","non-susceptible","susceptible","susceptible","susceptible","non-susceptible","non-susceptible","susceptible","non-susceptible","non-susceptible","susceptible","susceptible","non-susceptible","non-susceptible","non-susceptible","susceptible","non-susceptible","non-susceptible","susceptible","susceptible","susceptible","non-susceptible","susceptible","susceptible","non-susceptible","susceptible","susceptible","non-susceptible","susceptible","susceptible","susceptible","non-susceptible","non-susceptible","susceptible","susceptible","susceptible","susceptible","non-susceptible","susceptible","susceptible","susceptible","susceptible","non-susceptible","susceptible","susceptible","susceptible","non-susceptible","susceptible","non-susceptible","susceptible","non-susceptible","susceptible","susceptible","non-susceptible","non-susceptible","non-susceptible","susceptible","non-susceptible"
"94","susceptible","non-susceptible","non-susceptible","non-susceptible","susceptible","susceptible","non-susceptible","non-susceptible","susceptible","non-susceptible","susceptible","non-susceptible","susceptible","susceptible","susceptible","susceptible","susceptible","susceptible","susceptible","susceptible","susceptible","susceptible","susceptible","susceptible","susceptible","non-susceptible","non-susceptible","non-susceptible","susceptible","non-susceptible","susceptible","non-susceptible","susceptible","non-susceptible","non-susceptible","susceptible","susceptible","susceptible","non-susceptible","non-susceptible","non-susceptible","non-susceptible","non-susceptible","non-susceptible","susceptible","non-susceptible","susceptible","non-susceptible","non-susceptible","susceptible","susceptible","non-susceptible","susceptible","susceptible","susceptible","susceptible","non-susceptible","susceptible","non-susceptible","non-susceptible","susceptible","non-susceptible","susceptible","susceptible","susceptible","non-susceptible","susceptible","susceptible","non-susceptible","susceptible","non-susceptible","non-susceptible","susceptible","susceptible","susceptible","susceptible","susceptible","non-susceptible","susceptible","susceptible","susceptible","susceptible","susceptible","susceptible","non-susceptible","non-susceptible","non-susceptible","susceptible","non-susceptible","non-susceptible","susceptible","susceptible","susceptible","susceptible","susceptible","non-susceptible","non-susceptible","susceptible","non-susceptible","non-susceptible","non-susceptible","susceptible","non-susceptible","susceptible"
"95","non-susceptible","non-susceptible","susceptible","susceptible","susceptible","susceptible","non-susceptible","susceptible","susceptible","susceptible","non-susceptible","susceptible","susceptible","non-susceptible","susceptible","susceptible","susceptible","non-susceptible","non-susceptible","non-susceptible","susceptible","non-susceptible","non-susceptible","non-susceptible","susceptible","non-susceptible","non-susceptible","susceptible","susceptible","susceptible","non-susceptible","non-susceptible","susceptible","susceptible","non-susceptible","susceptible","non-susceptible","non-susceptible","non-susceptible","non-susceptible","susceptible","susceptible","non-susceptible","susceptible","non-susceptible","non-susceptible","non-susceptible","non-susceptible","susceptible","non-susceptible","susceptible","susceptible","non-susceptible","susceptible","susceptible","non-susceptible","susceptible","non-susceptible","non-susceptible","susceptible","susceptible","susceptible","susceptible","susceptible","susceptible","susceptible","non-susceptible","non-susceptible","susceptible","non-susceptible","susceptible","non-susceptible","non-susceptible","susceptible","susceptible","non-susceptible","susceptible","susceptible","susceptible","non-susceptible","non-susceptible","susceptible","susceptible","susceptible","susceptible","susceptible","non-susceptible","non-susceptible","non-susceptible","susceptible","susceptible","non-susceptible","non-susceptible","non-susceptible","non-susceptible","non-susceptible","susceptible","non-susceptible","susceptible","susceptible","susceptible","susceptible","non-susceptible","non-susceptible"
"96","non-susceptible","non-susceptible","non-susceptible","susceptible","susceptible","non-susceptible","susceptible","non-susceptible","susceptible","susceptible","non-susceptible","non-susceptible","susceptible","susceptible","non-susceptible","non-susceptible","non-susceptible","susceptible","susceptible","non-susceptible","non-susceptible","susceptible","susceptible","susceptible","non-susceptible","non-susceptible","susceptible","susceptible","non-susceptible","susceptible","susceptible","non-susceptible","non-susceptible","susceptible","susceptible","susceptible","non-susceptible","non-susceptible","non-susceptible","non-susceptible","susceptible","susceptible","non-susceptible","susceptible","non-susceptible","non-susceptible","susceptible","susceptible","susceptible","non-susceptible","susceptible","non-susceptible","susceptible","susceptible","non-susceptible","susceptible","susceptible","susceptible","susceptible","susceptible","non-susceptible","susceptible","susceptible","susceptible","susceptible","non-susceptible","non-susceptible","susceptible","non-susceptible","susceptible","susceptible","non-susceptible","non-susceptible","susceptible","non-susceptible","susceptible","non-susceptible","susceptible","susceptible","non-susceptible","susceptible","non-susceptible","susceptible","susceptible","susceptible","susceptible","susceptible","susceptible","susceptible","susceptible","non-susceptible","non-susceptible","non-susceptible","susceptible","susceptible","non-susceptible","non-susceptible","susceptible","susceptible","susceptible","non-susceptible","non-susceptible","susceptible","non-susceptible"
"97","susceptible","non-susceptible","non-susceptible","non-susceptible","susceptible","non-susceptible","susceptible","non-susceptible","non-susceptible","susceptible","susceptible","susceptible","susceptible","susceptible","non-susceptible","non-susceptible","susceptible","non-susceptible","susceptible","susceptible","susceptible","non-susceptible","non-susceptible","susceptible","non-susceptible","susceptible","susceptible","non-susceptible","non-susceptible","susceptible","susceptible","non-susceptible","non-susceptible","susceptible","non-susceptible","susceptible","non-susceptible","non-susceptible","non-susceptible","susceptible","non-susceptible","susceptible","non-susceptible","susceptible","non-susceptible","susceptible","non-susceptible","non-susceptible","susceptible","susceptible","non-susceptible","non-susceptible","non-susceptible","susceptible","susceptible","susceptible","susceptible","susceptible","non-susceptible","non-susceptible","non-susceptible","non-susceptible","non-susceptible","non-susceptible","non-susceptible","non-susceptible","non-susceptible","non-susceptible","non-susceptible","non-susceptible","non-susceptible","non-susceptible","non-susceptible","non-susceptible","susceptible","non-susceptible","susceptible","non-susceptible","susceptible","non-susceptible","non-susceptible","non-susceptible","susceptible","susceptible","non-susceptible","non-susceptible","non-susceptible","non-susceptible","non-susceptible","susceptible","non-susceptible","non-susceptible","susceptible","susceptible","non-susceptible","non-susceptible","susceptible","non-susceptible","non-susceptible","susceptible","non-susceptible","non-susceptible","susceptible","susceptible"
"98","non-susceptible","susceptible","non-susceptible","susceptible","non-susceptible","non-susceptible","non-susceptible","non-susceptible","non-susceptible","susceptible","non-susceptible","susceptible","non-susceptible","susceptible","susceptible","susceptible","susceptible","non-susceptible","non-susceptible","susceptible","non-susceptible","susceptible","non-susceptible","non-susceptible","non-susceptible","non-susceptible","non-susceptible","non-susceptible","non-susceptible","non-susceptible","susceptible","non-susceptible","susceptible","susceptible","non-susceptible","susceptible","susceptible","susceptible","susceptible","susceptible","non-susceptible","non-susceptible","susceptible","non-susceptible","non-susceptible","non-susceptible","non-susceptible","non-susceptible","susceptible","non-susceptible","susceptible","non-susceptible","non-susceptible","non-susceptible","non-susceptible","non-susceptible","susceptible","susceptible","non-susceptible","non-susceptible","susceptible","susceptible","susceptible","non-susceptible","non-susceptible","susceptible","susceptible","non-susceptible","non-susceptible","susceptible","susceptible","non-susceptible","susceptible","susceptible","susceptible","susceptible","non-susceptible","susceptible","non-susceptible","non-susceptible","non-susceptible","non-susceptible","susceptible","susceptible","susceptible","susceptible","susceptible","non-susceptible","susceptible","susceptible","non-susceptible","non-susceptible","non-susceptible","susceptible","susceptible","susceptible","non-susceptible","non-susceptible","susceptible","non-susceptible","non-susceptible","susceptible","susceptible","susceptible"
"99","susceptible","non-susceptible","non-susceptible","non-susceptible","non-susceptible","non-susceptible","susceptible","non-susceptible","non-susceptible","non-susceptible","non-susceptible","non-susceptible","susceptible","susceptible","non-susceptible","non-susceptible","susceptible","susceptible","non-susceptible","susceptible","non-susceptible","non-susceptible","susceptible","susceptible","susceptible","non-susceptible","non-susceptible","non-susceptible","non-susceptible","susceptible","susceptible","non-susceptible","non-susceptible","susceptible","susceptible","non-susceptible","susceptible","susceptible","susceptible","susceptible","non-susceptible","susceptible","susceptible","non-susceptible","susceptible","susceptible","non-susceptible","susceptible","non-susceptible","susceptible","susceptible","susceptible","susceptible","non-susceptible","non-susceptible","non-susceptible","susceptible","non-susceptible","non-susceptible","non-susceptible","susceptible","non-susceptible","susceptible","susceptible","non-susceptible","non-susceptible","non-susceptible","non-susceptible","susceptible","non-susceptible","non-susceptible","non-susceptible","non-susceptible","non-susceptible","susceptible","non-susceptible","susceptible","non-susceptible","susceptible","non-susceptible","susceptible","non-susceptible","susceptible","non-susceptible","susceptible","susceptible","susceptible","non-susceptible","non-susceptible","susceptible","susceptible","non-susceptible","susceptible","non-susceptible","susceptible","susceptible","non-susceptible","susceptible","susceptible","susceptible","susceptible","susceptible","susceptible","non-susceptible"
"100","non-susceptible","susceptible","susceptible","non-susceptible","non-susceptible","susceptible","susceptible","susceptible","susceptible","non-susceptible","non-susceptible","susceptible","non-susceptible","susceptible","non-susceptible","non-susceptible","non-susceptible","non-susceptible","non-susceptible","susceptible","susceptible","non-susceptible","susceptible","non-susceptible","susceptible","susceptible","susceptible","susceptible","susceptible","susceptible","susceptible","susceptible","non-susceptible","non-susceptible","susceptible","non-susceptible","susceptible","non-susceptible","susceptible","non-susceptible","susceptible","susceptible","susceptible","susceptible","non-susceptible","non-susceptible","non-susceptible","non-susceptible","non-susceptible","non-susceptible","susceptible","non-susceptible","susceptible","non-susceptible","non-susceptible","susceptible","non-susceptible","non-susceptible","susceptible","susceptible","susceptible","susceptible","susceptible","non-susceptible","susceptible","susceptible","susceptible","non-susceptible","non-susceptible","non-susceptible","susceptible","susceptible","non-susceptible","non-susceptible","susceptible","susceptible","susceptible","non-susceptible","susceptible","susceptible","non-susceptible","susceptible","susceptible","susceptible","susceptible","non-susceptible","non-susceptible","susceptible","susceptible","susceptible","susceptible","susceptible","non-susceptible","non-susceptible","non-susceptible","susceptible","susceptible","susceptible","non-susceptible","non-susceptible","non-susceptible","susceptible","non-susceptible","non-susceptible"
